2026-03-25 23:18:04,641 - aqt.main - INFO - installer 35096 aqtinstall(aqt) v3.3.0 on Python 3.13.12 [CPython MSC v.1944 64 bit (AMD64)]
2026-03-25 23:18:04,642 - aqt.helper - DEBUG - helper 43912 Attempt to download checksum at https://download.qt.io/online/qtsdkrepository/windows_x86/desktop/qt6_6101/qt6_6101/Updates.xml.sha256
2026-03-25 23:18:04,664 - aqt.helper - DEBUG - helper 36932 Attempt to download checksum at https://download.qt.io/online/qtsdkrepository/windows_x86/desktop/qt6_6101/qt6_6101/Updates.xml.sha256
2026-03-25 23:18:04,678 - aqt.helper - DEBUG - helper 31488 Attempt to download checksum at https://download.qt.io/online/qtsdkrepository/windows_x86/android/qt6_6101/qt6_6101_x86/Updates.xml.sha256
2026-03-25 23:18:31,719 - aqt.helper - DEBUG - helper 36932 Attempt to download checksum at https://download.qt.io/online/qtsdkrepository/windows_x86/desktop/qt6_6101/qt6_6101/Updates.xml.sha256
2026-03-25 23:18:31,719 - aqt.helper - DEBUG - helper 43912 Attempt to download checksum at https://download.qt.io/online/qtsdkrepository/windows_x86/desktop/qt6_6101/qt6_6101/Updates.xml.sha256
56
2026-03-25 23:18:57,887 - aqt.helper - DEBUG - helper 31488 Attempt to download checksum at https://download.qt.io/online/qtsdkrepository/windows_x86/android/qt6_6101/qt6_6101_x86/Updates.xml.sha256
2026-03-25 23:18:57,887 - aqt.helper - DEBUG - helper 36932 Attempt to download checksum at https://download.qt.io/online/qtsdkrepository/windows_x86/desktop/qt6_6101/qt6_6101/Updates.xml.sha256
2026-03-25 23:19:23,037 - aqt.helper - DEBUG - helper 31488 Attempt to download checksum at https://download.qt.io/online/qtsdkrepository/windows_x86/android/qt6_6101/qt6_6101_x86/Updates.xml.sha256
2026-03-25 23:19:23,037 - aqt.helper - DEBUG - helper 36932 Attempt to download checksum at https://download.qt.io/online/qtsdkrepository/windows_x86/desktop/qt6_6101/qt6_6101/Updates.xml.sha256
2026-03-25 23:19:49,194 - aqt.helper - DEBUG - helper 43912 Attempt to download checksum at https://download.qt.io/online/qtsdkrepository/windows_x86/desktop/qt6_6101/qt6_6101/Updates.xml.sha256
56
2026-03-25 23:20:15,402 - aqt.main - ERROR - installer 43912 Failed to download checksum for the file 'Updates.xml' from mirrors '['https://download.qt.io']
==============================Suggested follow-up:==============================
* Check your internet connection
* Consider modifying `requests.max_retries_to_retrieve_hash` in settings.ini
* Consider modifying `mirrors.trusted_mirrors` in settings.ini (see https://aqtinstall.readthedocs.io/en/stable/configuration.html#configuration)
* Please use 'aqt list-qt windows desktop' to show versions of Qt available.
* Please use 'aqt list-qt windows desktop --arch <QT_VERSION>' to list valid architectures.
2026-03-25 23:20:15,402 - aqt.metadata - DEBUG - metadata 31488 Failed to download checksum for the file 'Updates.xml' from mirrors '['https://download.qt.io']
2026-03-25 23:20:15,402 - aqt.main - ERROR - installer 36932 Failed to download checksum for the file 'Updates.xml' from mirrors '['https://download.qt.io']
==============================Suggested follow-up:==============================
* Check your internet connection
* Consider modifying `requests.max_retries_to_retrieve_hash` in settings.ini
* Consider modifying `mirrors.trusted_mirrors` in settings.ini (see https://aqtinstall.readthedocs.io/en/stable/configuration.html#configuration)
* Please use 'aqt list-qt windows desktop' to show versions of Qt available.
2026-03-25 23:20:15,402 - aqt.metadata - DEBUG - metadata 31488 Failed to retrieve arches list with extension `x86`. Please check that this extension exists for this version of Qt: if not, code changes will be necessary.
2026-03-25 23:20:15,402 - aqt.helper - DEBUG - helper 31488 Attempt to download checksum at https://download.qt.io/online/qtsdkrepository/windows_x86/android/qt6_6101/qt6_6101_arm64_v8a/Updates.xml.sha256
2026-03-25 23:20:24,656 - aqt.main - INFO - installer 45204 aqtinstall(aqt) v3.3.0 on Python 3.13.12 [CPython MSC v.1944 64 bit (AMD64)]
2026-03-25 23:20:24,657 - aqt.helper - DEBUG - helper 45204 Attempt to download checksum at https://download.qt.io/online/qtsdkrepository/windows_x86/desktop/qt6_6101/qt6_6101/Updates.xml.sha256
2026-03-25 23:20:40,571 - aqt.helper - DEBUG - helper 31488 Attempt to download checksum at https://download.qt.io/online/qtsdkrepository/windows_x86/android/qt6_6101/qt6_6101_arm64_v8a/Updates.xml.sha256
2026-03-25 23:20:48,749 - aqt.helper - DEBUG - helper 45204 Attempt to download checksum at https://download.qt.io/online/qtsdkrepository/windows_x86/desktop/qt6_6101/qt6_6101/Updates.xml.sha256
2026-03-25 23:21:06,750 - aqt.helper - DEBUG - helper 31488 Attempt to download checksum at https://download.qt.io/online/qtsdkrepository/windows_x86/android/qt6_6101/qt6_6101_arm64_v8a/Updates.xml.sha256
2026-03-25 23:21:12,880 - aqt.helper - DEBUG - helper 45204 Attempt to download checksum at https://download.qt.io/online/qtsdkrepository/windows_x86/desktop/qt6_6101/qt6_6101/Updates.xml.sha256
2026-03-25 23:21:30,859 - aqt.helper - DEBUG - helper 31488 Attempt to download checksum at https://download.qt.io/online/qtsdkrepository/windows_x86/android/qt6_6101/qt6_6101_arm64_v8a/Updates.xml.sha256
2026-03-25 23:21:38,926 - aqt.helper - DEBUG - helper 45204 Attempt to download checksum at https://download.qt.io/online/qtsdkrepository/windows_x86/desktop/qt6_6101/qt6_6101/Updates.xml.sha256
2026-03-25 23:21:57,042 - aqt.helper - DEBUG - helper 31488 Attempt to download checksum at https://download.qt.io/online/qtsdkrepository/windows_x86/android/qt6_6101/qt6_6101_arm64_v8a/Updates.xml.sha256
2026-03-25 23:22:03,075 - aqt.helper - DEBUG - helper 45204 Attempt to download checksum at https://download.qt.io/online/qtsdkrepository/windows_x86/desktop/qt6_6101/qt6_6101/Updates.xml.sha256
2026-03-25 23:22:23,107 - aqt.metadata - DEBUG - metadata 31488 Failed to download checksum for the file 'Updates.xml' from mirrors '['https://download.qt.io']
2026-03-25 23:22:23,107 - aqt.metadata - DEBUG - metadata 31488 Failed to retrieve arches list with extension `arm64_v8a`. Please check that this extension exists for this version of Qt: if not, code changes will be necessary.
2026-03-25 23:22:23,108 - aqt.helper - DEBUG - helper 31488 Attempt to download checksum at https://download.qt.io/online/qtsdkrepository/windows_x86/android/qt6_6101/qt6_6101_x86_64/Updates.xml.sha256
2026-03-25 23:22:28,252 - aqt.archives - WARNING - archives 45204 Failed to download checksum for the file 'online/qtsdkrepository/windows_x86/desktop/qt6_6101/qt6_6101/Updates.xml'. This may happen on unofficial mirrors.
2026-03-25 23:22:47,230 - aqt.helper - DEBUG - helper 31488 Attempt to download checksum at https://download.qt.io/online/qtsdkrepository/windows_x86/android/qt6_6101/qt6_6101_x86_64/Updates.xml.sha256
2026-03-25 23:22:54,408 - aqt.helper - WARNING - helper 45204 Connection to 'https://download.qt.io' failed. Retrying with fallback 'https://mirrors.ukfast.co.uk/sites/qt.io/'.
2026-03-25 23:22:54,408 - aqt.helper - DEBUG - helper 45204 Attempt to download checksum at https://download.qt.io/online/qtsdkrepository/windows_x86/desktop/qt6_6101/qt6_6101/Updates.xml.sha256
2026-03-25 23:23:12,519 - aqt.helper - DEBUG - helper 31488 Attempt to download checksum at https://download.qt.io/online/qtsdkrepository/windows_x86/android/qt6_6101/qt6_6101_x86_64/Updates.xml.sha256
2026-03-25 23:23:18,552 - aqt.helper - DEBUG - helper 45204 Attempt to download checksum at https://download.qt.io/online/qtsdkrepository/windows_x86/desktop/qt6_6101/qt6_6101/Updates.xml.sha256
2026-03-25 23:23:37,608 - aqt.helper - DEBUG - helper 31488 Attempt to download checksum at https://download.qt.io/online/qtsdkrepository/windows_x86/android/qt6_6101/qt6_6101_x86_64/Updates.xml.sha256
2026-03-25 23:23:43,710 - aqt.helper - DEBUG - helper 45204 Attempt to download checksum at https://download.qt.io/online/qtsdkrepository/windows_x86/desktop/qt6_6101/qt6_6101/Updates.xml.sha256
2026-03-25 23:24:02,748 - aqt.helper - DEBUG - helper 31488 Attempt to download checksum at https://download.qt.io/online/qtsdkrepository/windows_x86/android/qt6_6101/qt6_6101_x86_64/Updates.xml.sha256
2026-03-25 23:24:07,899 - aqt.helper - DEBUG - helper 45204 Attempt to download checksum at https://download.qt.io/online/qtsdkrepository/windows_x86/desktop/qt6_6101/qt6_6101/Updates.xml.sha256
2026-03-25 23:24:28,908 - aqt.metadata - DEBUG - metadata 31488 Failed to download checksum for the file 'Updates.xml' from mirrors '['https://download.qt.io']
2026-03-25 23:24:28,908 - aqt.metadata - DEBUG - metadata 31488 Failed to retrieve arches list with extension `x86_64`. Please check that this extension exists for this version of Qt: if not, code changes will be necessary.
2026-03-25 23:24:28,908 - aqt.helper - DEBUG - helper 31488 Attempt to download checksum at https://download.qt.io/online/qtsdkrepository/windows_x86/android/qt6_6101/qt6_6101_armv7/Updates.xml.sha256
2026-03-25 23:24:32,000 - aqt.helper - DEBUG - helper 45204 Attempt to download checksum at https://download.qt.io/online/qtsdkrepository/windows_x86/desktop/qt6_6101/qt6_6101/Updates.xml.sha256
2026-03-25 23:24:53,232 - aqt.helper - DEBUG - helper 31488 Attempt to download checksum at https://download.qt.io/online/qtsdkrepository/windows_x86/android/qt6_6101/qt6_6101_armv7/Updates.xml.sha256
2026-03-25 23:24:57,157 - aqt.archives - WARNING - archives 45204 Failed to download checksum for the file 'online/qtsdkrepository/windows_x86/desktop/qt6_6101/qt6_6101/Updates.xml'. This may happen on unofficial mirrors.
2026-03-25 23:24:58,976 - aqt.helper - DEBUG - helper 45204 Attempt to download checksum at https://download.qt.io/online/qtsdkrepository/windows_x86/extensions/qtwebengine/6101/msvc2022_64/Updates.xml.sha256
2026-03-25 23:25:18,441 - aqt.helper - DEBUG - helper 31488 Attempt to download checksum at https://download.qt.io/online/qtsdkrepository/windows_x86/android/qt6_6101/qt6_6101_armv7/Updates.xml.sha256
2026-03-25 23:25:23,585 - aqt.helper - DEBUG - helper 45204 Attempt to download checksum at https://download.qt.io/online/qtsdkrepository/windows_x86/extensions/qtwebengine/6101/msvc2022_64/Updates.xml.sha256
2026-03-25 23:25:42,569 - aqt.helper - DEBUG - helper 31488 Attempt to download checksum at https://download.qt.io/online/qtsdkrepository/windows_x86/android/qt6_6101/qt6_6101_armv7/Updates.xml.sha256
2026-03-25 23:25:49,747 - aqt.helper - DEBUG - helper 45204 Attempt to download checksum at https://download.qt.io/online/qtsdkrepository/windows_x86/extensions/qtwebengine/6101/msvc2022_64/Updates.xml.sha256
2026-03-25 23:26:07,877 - aqt.helper - DEBUG - helper 31488 Attempt to download checksum at https://download.qt.io/online/qtsdkrepository/windows_x86/android/qt6_6101/qt6_6101_armv7/Updates.xml.sha256
2026-03-25 23:26:13,849 - aqt.helper - DEBUG - helper 45204 Attempt to download checksum at https://download.qt.io/online/qtsdkrepository/windows_x86/extensions/qtwebengine/6101/msvc2022_64/Updates.xml.sha256
2026-03-25 23:26:32,020 - aqt.metadata - DEBUG - metadata 31488 Failed to download checksum for the file 'Updates.xml' from mirrors '['https://download.qt.io']
2026-03-25 23:26:32,020 - aqt.metadata - DEBUG - metadata 31488 Failed to retrieve arches list with extension `armv7`. Please check that this extension exists for this version of Qt: if not, code changes will be necessary.
2026-03-25 23:26:32,020 - aqt.main - ERROR - installer 31488 No architectures available for this request.
==============================Suggested follow-up:==============================
* Please use 'aqt list-qt windows android' to show versions of Qt available.
2026-03-25 23:26:38,968 - aqt.helper - DEBUG - helper 45204 Attempt to download checksum at https://download.qt.io/online/qtsdkrepository/windows_x86/extensions/qtwebengine/6101/msvc2022_64/Updates.xml.sha256
2026-03-25 23:27:04,138 - aqt.helper - DEBUG - helper 45204 Attempt to download checksum at https://download.qt.io/online/qtsdkrepository/windows_x86/extensions/qtpdf/6101/msvc2022_64/Updates.xml.sha256
2026-03-25 23:27:30,309 - aqt.helper - DEBUG - helper 45204 Attempt to download checksum at https://download.qt.io/online/qtsdkrepository/windows_x86/extensions/qtpdf/6101/msvc2022_64/Updates.xml.sha256
2026-03-25 23:28:05,903 - aqt.helper - DEBUG - helper 45204 Attempt to download checksum at https://download.qt.io/online/qtsdkrepository/windows_x86/extensions/qtpdf/6101/msvc2022_64/Updates.xml.sha256
2026-03-25 23:28:36,758 - aqt.helper - DEBUG - helper 45204 Attempt to download checksum at https://download.qt.io/online/qtsdkrepository/windows_x86/extensions/qtpdf/6101/msvc2022_64/Updates.xml.sha256
2026-03-25 23:29:00,808 - aqt.helper - DEBUG - helper 45204 Attempt to download checksum at https://download.qt.io/online/qtsdkrepository/windows_x86/extensions/qtpdf/6101/msvc2022_64/Updates.xml.sha256
2026-03-25 23:29:33,866 - aqt.helper - DEBUG - helper 20024 Attempt to download checksum at https://download.qt.io/online/qtsdkrepository/windows_x86/desktop/qt6_6101/qt6_6101/qt.qt6.6101.addons.qt5compat.win64_msvc2022_64/6.10.1-0-202511161843qt5compat-Windows-Windows_11_24H2-MSVC2022-Windows-Windows_11_24H2-X86_64.7z.sha256
2026-03-25 23:29:33,867 - aqt.helper - DEBUG - helper 5388 Attempt to download checksum at https://download.qt.io/online/qtsdkrepository/windows_x86/desktop/qt6_6101/qt6_6101/qt.qt6.6101.addons.qtimageformats.win64_msvc2022_64/6.10.1-0-202511161843qtimageformats-Windows-Windows_11_24H2-MSVC2022-Windows-Windows_11_24H2-X86_64.7z.sha256
2026-03-25 23:29:33,867 - aqt.helper - DEBUG - helper 44556 Attempt to download checksum at https://download.qt.io/online/qtsdkrepository/windows_x86/desktop/qt6_6101/qt6_6101/qt.qt6.6101.addons.qtremoteobjects.win64_msvc2022_64/6.10.1-0-202511161843qtremoteobjects-Windows-Windows_11_24H2-MSVC2022-Windows-Windows_11_24H2-X86_64.7z.sha256
2026-03-25 23:29:33,867 - aqt.helper - DEBUG - helper 17120 Attempt to download checksum at https://download.qt.io/online/qtsdkrepository/windows_x86/desktop/qt6_6101/qt6_6101/qt.qt6.6101.addons.qtshadertools.win64_msvc2022_64/6.10.1-0-202511161843qtshadertools-Windows-Windows_11_24H2-MSVC2022-Windows-Windows_11_24H2-X86_64.7z.sha256
2026-03-25 23:30:01,982 - aqt.helper - DEBUG - helper 44556 Attempt to download checksum at https://download.qt.io/online/qtsdkrepository/windows_x86/desktop/qt6_6101/qt6_6101/qt.qt6.6101.addons.qtremoteobjects.win64_msvc2022_64/6.10.1-0-202511161843qtremoteobjects-Windows-Windows_11_24H2-MSVC2022-Windows-Windows_11_24H2-X86_64.7z.sha256
2026-03-25 23:30:01,982 - aqt.helper - DEBUG - helper 17120 Attempt to download checksum at https://download.qt.io/online/qtsdkrepository/windows_x86/desktop/qt6_6101/qt6_6101/qt.qt6.6101.addons.qtshadertools.win64_msvc2022_64/6.10.1-0-202511161843qtshadertools-Windows-Windows_11_24H2-MSVC2022-Windows-Windows_11_24H2-X86_64.7z.sha256

2026-03-25 23:30:01,983 - aqt.helper - DEBUG - helper 20024 Attempt to download checksum at https://download.qt.io/online/qtsdkrepository/windows_x86/desktop/qt6_6101/qt6_6101/qt.qt6.6101.addons.qt5compat.win64_msvc2022_64/6.10.1-0-202511161843qt5compat-Windows-Windows_11_24H2-MSVC2022-Windows-Windows_11_24H2-X86_64.7z.sha256
2026-03-25 23:30:30,081 - aqt.helper - DEBUG - helper 20024 Attempt to download checksum at https://download.qt.io/online/qtsdkrepository/windows_x86/desktop/qt6_6101/qt6_6101/qt.qt6.6101.addons.qt5compat.win64_msvc2022_64/6.10.1-0-202511161843qt5compat-Windows-Windows_11_24H2-MSVC2022-Windows-Windows_11_24H2-X86_64.7z.sha256
sha256

2026-03-25 23:30:30,081 - aqt.helper - DEBUG - helper 44556 Attempt to download checksum at https://download.qt.io/online/qtsdkrepository/windows_x86/desktop/qt6_6101/qt6_6101/qt.qt6.6101.addons.qtremoteobjects.win64_msvc2022_64/6.10.1-0-202511161843qtremoteobjects-Windows-Windows_11_24H2-MSVC2022-Windows-Windows_11_24H2-X86_64.7z.sha256
2026-03-25 23:30:56,154 - aqt.helper - DEBUG - helper 44556 Attempt to download checksum at https://download.qt.io/online/qtsdkrepository/windows_x86/desktop/qt6_6101/qt6_6101/qt.qt6.6101.addons.qtremoteobjects.win64_msvc2022_64/6.10.1-0-202511161843qtremoteobjects-Windows-Windows_11_24H2-MSVC2022-Windows-Windows_11_24H2-X86_64.7z.sha256
2026-03-25 23:31:22,372 - aqt.helper - DEBUG - helper 44556 Attempt to download checksum at https://download.qt.io/online/qtsdkrepository/windows_x86/desktop/qt6_6101/qt6_6101/qt.qt6.6101.addons.qtremoteobjects.win64_msvc2022_64/6.10.1-0-202511161843qtremoteobjects-Windows-Windows_11_24H2-MSVC2022-Windows-Windows_11_24H2-X86_64.7z.sha256
2026-03-25 23:31:22,372 - aqt.helper - DEBUG - helper 5388 Attempt to download checksum at https://download.qt.io/online/qtsdkrepository/windows_x86/desktop/qt6_6101/qt6_6101/qt.qt6.6101.addons.qtimageformats.win64_msvc2022_64/6.10.1-0-202511161843qtimageformats-Windows-Windows_11_24H2-MSVC2022-Windows-Windows_11_24H2-X86_64.7z.sha256
2026-03-25 23:31:22,372 - aqt.helper - DEBUG - helper 20024 Attempt to download checksum at https://download.qt.io/online/qtsdkrepository/windows_x86/desktop/qt6_6101/qt6_6101/qt.qt6.6101.addons.qt5compat.win64_msvc2022_64/6.10.1-0-202511161843qt5compat-Windows-Windows_11_24H2-MSVC2022-Windows-Windows_11_24H2-X86_64.7z.sha256
2026-03-25 23:31:46,602 - aqt.helper - DEBUG - helper 17120 Attempt to download checksum at https://download.qt.io/online/qtsdkrepository/windows_x86/desktop/qt6_6101/qt6_6101/qt.qt6.6101.win64_msvc2022_64/6.10.1-0-202511161843qtbase-Windows-Windows_11_24H2-MSVC2022-Windows-Windows_11_24H2-X86_64.7z.sha256
2026-03-25 23:31:46,602 - aqt.helper - DEBUG - helper 44556 Attempt to download checksum at https://download.qt.io/online/qtsdkrepository/windows_x86/desktop/qt6_6101/qt6_6101/qt.qt6.6101.win64_msvc2022_64/6.10.1-0-202511161843qtsvg-Windows-Windows_11_24H2-MSVC2022-Windows-Windows_11_24H2-X86_64.7z.sha256
2026-03-25 23:31:46,602 - aqt.helper - DEBUG - helper 20024 Attempt to download checksum at https://download.qt.io/online/qtsdkrepository/windows_x86/desktop/qt6_6101/qt6_6101/qt.qt6.6101.win64_msvc2022_64/6.10.1-0-202511161843qtdeclarative-Windows-Windows_11_24H2-MSVC2022-Windows-Windows_11_24H2-X86_64.7z.sha256
2026-03-25 23:31:46,602 - aqt.helper - DEBUG - helper 5388 Attempt to download checksum at https://download.qt.io/online/qtsdkrepository/windows_x86/desktop/qt6_6101/qt6_6101/qt.qt6.6101.win64_msvc2022_64/6.10.1-0-202511161843qttools-Windows-Windows_11_24H2-MSVC2022-Windows-Windows_11_24H2-X86_64.7z.sha256
2026-03-25 23:32:12,796 - aqt.helper - DEBUG - helper 17120 Attempt to download checksum at https://download.qt.io/online/qtsdkrepository/windows_x86/desktop/qt6_6101/qt6_6101/qt.qt6.6101.win64_msvc2022_64/6.10.1-0-202511161843qtbase-Windows-Windows_11_24H2-MSVC2022-Windows-Windows_11_24H2-X86_64.7z.sha256
2026-03-25 23:32:12,796 - aqt.helper - DEBUG - helper 5388 Attempt to download checksum at https://download.qt.io/online/qtsdkrepository/windows_x86/desktop/qt6_6101/qt6_6101/qt.qt6.6101.win64_msvc2022_64/6.10.1-0-202511161843qttools-Windows-Windows_11_24H2-MSVC2022-Windows-Windows_11_24H2-X86_64.7z.sha256
ha256
2026-03-25 23:32:38,973 - aqt.helper - DEBUG - helper 20024 Attempt to download checksum at https://download.qt.io/online/qtsdkrepository/windows_x86/desktop/qt6_6101/qt6_6101/qt.qt6.6101.win64_msvc2022_64/6.10.1-0-202511161843qtdeclarative-Windows-Windows_11_24H2-MSVC2022-Windows-Windows_11_24H2-X86_64.7z.s2026-03-25 23:32:38,973 - aqt.helper - DEBUG - helper 44556 Attempt to download checksum at https://download.qt.io/online/qtsdkrepository/windows_x86/desktop/qt6_6101/qt6_6101/qt.qt6.6101.win64_msvc2022_64/6.10.1-0-202511161843qtsvg-Windows-Windows_11_24H2-MSVC2022-Windows-Windows_11_24H2-X86_64.7z.sha256
2026-03-25 23:33:04,147 - aqt.helper - DEBUG - helper 44556 Attempt to download checksum at https://download.qt.io/online/qtsdkrepository/windows_x86/desktop/qt6_6101/qt6_6101/qt.qt6.6101.win64_msvc2022_64/6.10.1-0-202511161843qtsvg-Windows-Windows_11_24H2-MSVC2022-Windows-Windows_11_24H2-X86_64.7z.sha256
sha256
2026-03-25 23:33:30,345 - aqt.helper - DEBUG - helper 5388 Attempt to download checksum at https://download.qt.io/online/qtsdkrepository/windows_x86/desktop/qt6_6101/qt6_6101/qt.qt6.6101.win64_msvc2022_64/6.10.1-0-202511161843qttools-Windows-Windows_11_24H2-MSVC2022-Windows-Windows_11_24H2-X86_64.7z.sha256
ha256
2026-03-25 23:33:55,522 - aqt.helper - DEBUG - helper 17120 Attempt to download checksum at https://download.qt.io/online/qtsdkrepository/windows_x86/desktop/qt6_6101/qt6_6101/qt.qt6.6101.win64_msvc2022_64/6.10.1-0-202511161843qttranslations-Windows-Windows_11_24H2-MSVC2022-Windows-Windows_11_24H2-X86_64.7z.sha256
2026-03-25 23:33:55,523 - aqt.helper - DEBUG - helper 44556 Attempt to download checksum at https://download.qt.io/online/qtsdkrepository/windows_x86/desktop/qt6_6101/qt6_6101/qt.qt6.6101.win64_msvc2022_64/6.10.1-0-202511161843d3dcompiler_47-x64.7z.sha256
2026-03-25 23:33:55,523 - aqt.helper - DEBUG - helper 20024 Attempt to download checksum at https://download.qt.io/online/qtsdkrepository/windows_x86/desktop/qt6_6101/qt6_6101/qt.qt6.6101.win64_msvc2022_64/6.10.1-0-202511161843opengl32sw-64-mesa_11_2_2-signed_sha256.7z.sha256
2026-03-25 23:34:21,702 - aqt.helper - DEBUG - helper 44556 Attempt to download checksum at https://download.qt.io/online/qtsdkrepository/windows_x86/desktop/qt6_6101/qt6_6101/qt.qt6.6101.win64_msvc2022_64/6.10.1-0-202511161843d3dcompiler_47-x64.7z.sha256
2026-03-25 23:34:21,702 - aqt.helper - DEBUG - helper 20024 Attempt to download checksum at https://download.qt.io/online/qtsdkrepository/windows_x86/desktop/qt6_6101/qt6_6101/qt.qt6.6101.win64_msvc2022_64/6.10.1-0-202511161843opengl32sw-64-mesa_11_2_2-signed_sha256.7z.sha256
2026-03-25 23:34:21,702 - aqt.helper - DEBUG - helper 17120 Attempt to download checksum at https://download.qt.io/online/qtsdkrepository/windows_x86/desktop/qt6_6101/qt6_6101/qt.qt6.6101.win64_msvc2022_64/6.10.1-0-202511161843qttranslations-Windows-Windows_11_24H2-MSVC2022-Windows-Windows_11_24H2-X86_64.7z.sha256
2026-03-25 23:34:46,894 - aqt.helper - DEBUG - helper 44556 Attempt to download checksum at https://download.qt.io/online/qtsdkrepository/windows_x86/desktop/qt6_6101/qt6_6101/qt.qt6.6101.win64_msvc2022_64/6.10.1-0-202511161843d3dcompiler_47-x64.7z.sha256
ed_sha256.7z.sha256
2026-03-25 23:34:46,894 - aqt.helper - DEBUG - helper 17120 Attempt to download checksum at https://download.qt.io/online/qtsdkrepository/windows_x86/desktop/qt6_6101/qt6_6101/qt.qt6.6101.win64_msvc2022_64/6.10.1-0-202511161843qttranslations-Windows-Windows_11_24H2-MSVC2022-Windows-Windows_11_24H2-X86_64.7z.sha256
2026-03-25 23:35:13,055 - aqt.helper - DEBUG - helper 20024 Attempt to download checksum at https://download.qt.io/online/qtsdkrepository/windows_x86/desktop/qt6_6101/qt6_6101/qt.qt6.6101.win64_msvc2022_64/6.10.1-0-202511161843opengl32sw-64-mesa_11_2_2-signed_sha256.7z.sha256
2026-03-25 23:35:13,055 - aqt.helper - DEBUG - helper 17120 Attempt to download checksum at https://download.qt.io/online/qtsdkrepository/windows_x86/desktop/qt6_6101/qt6_6101/qt.qt6.6101.win64_msvc2022_64/6.10.1-0-202511161843qttranslations-Windows-Windows_11_24H2-MSVC2022-Windows-Windows_11_24H2-X86_64.7z.sha256
2026-03-25 23:35:13,055 - aqt.helper - DEBUG - helper 44556 Attempt to download checksum at https://download.qt.io/online/qtsdkrepository/windows_x86/desktop/qt6_6101/qt6_6101/qt.qt6.6101.win64_msvc2022_64/6.10.1-0-202511161843d3dcompiler_47-x64.7z.sha256
2026-03-25 23:35:38,229 - aqt.helper - DEBUG - helper 44556 Attempt to download checksum at https://download.qt.io/online/qtsdkrepository/windows_x86/desktop/qt6_6101/qt6_6101/qt.qt6.6101.win64_msvc2022_64/6.10.1-0-202511161843d3dcompiler_47-x64.7z.sha256
_11_24H2-MSVC2022-Windows-Windows_11_24H2-X86_64.7z.sha256
2026-03-25 23:35:38,229 - aqt.helper - DEBUG - helper 20024 Attempt to download checksum at https://download.qt.io/online/qtsdkrepository/windows_x86/desktop/qt6_6101/qt6_6101/qt.qt6.6101.win64_msvc2022_64/6.10.1-0-202511161843opengl32sw-64-mesa_11_2_2-signed_sha256.7z.sha256
2026-03-25 23:36:04,446 - aqt.installer - WARNING - installer 45204 Caught ChecksumDownloadFailure, terminating installer workers
2026-03-25 23:36:04,458 - aqt.main - ERROR - installer 45204 Failed to download checksum for the file '6.10.1-0-202511161843qtshadertools-Windows-Windows_11_24H2-MSVC2022-Windows-Windows_11_24H2-X86_64.7z' from mirrors '['https://download.qt.io']
==============================Suggested follow-up:==============================
* Check your internet connection
* Consider modifying `requests.max_retries_to_retrieve_hash` in settings.ini
* Consider modifying `mirrors.trusted_mirrors` in settings.ini (see https://aqtinstall.readthedocs.io/en/stable/configuration.html#configuration)
2026-03-25 23:36:32,345 - aqt.main - WARNING - installer 39364 ************************************************************************************************
2026-03-25 23:36:32,345 - aqt.main - WARNING - installer 39364 Hash verification is disabled. This is UNSAFE and may allow malicious files to be downloaded.
2026-03-25 23:36:32,345 - aqt.main - WARNING - installer 39364 If your install mirror hosts malicious files, you won't be able to know. Use at your own risk.
2026-03-25 23:36:32,346 - aqt.main - WARNING - installer 39364 ************************************************************************************************
2026-03-25 23:36:32,346 - aqt.main - INFO - installer 39364 aqtinstall(aqt) v3.3.0 on Python 3.13.12 [CPython MSC v.1944 64 bit (AMD64)]
2026-03-25 23:37:07,339 - aqt.archives - INFO - archives 39364 Found extension qtwebengine
2026-03-25 23:37:08,253 - aqt.archives - INFO - archives 39364 Found extension qtpdf
2026-03-25 23:37:08,601 - aqt.helper - DEBUG - helper 21116 Attempt to download checksum at https://download.qt.io/online/qtsdkrepository/windows_x86/desktop/qt6_6101/qt6_6101/qt.qt6.6101.addons.qt5compat.win64_msvc2022_64/6.10.1-0-202511161843qt5compat-Windows-Windows_11_24H2-MSVC2022-Windows-Windows_11_24H2-X86_64.7z.sha256
2026-03-25 23:37:08,605 - aqt.helper - DEBUG - helper 35188 Attempt to download checksum at https://download.qt.io/online/qtsdkrepository/windows_x86/desktop/qt6_6101/qt6_6101/qt.qt6.6101.addons.qtimageformats.win64_msvc2022_64/6.10.1-0-202511161843qtimageformats-Windows-Windows_11_24H2-MSVC2022-Windows-Windows_11_24H2-X86_64.7z.sha256
2026-03-25 23:37:08,606 - aqt.helper - DEBUG - helper 12104 Attempt to download checksum at https://download.qt.io/online/qtsdkrepository/windows_x86/desktop/qt6_6101/qt6_6101/qt.qt6.6101.addons.qtremoteobjects.win64_msvc2022_64/6.10.1-0-202511161843qtremoteobjects-Windows-Windows_11_24H2-MSVC2022-Windows-Windows_11_24H2-X86_64.7z.sha256
2026-03-25 23:37:08,607 - aqt.helper - DEBUG - helper 27264 Attempt to download checksum at https://download.qt.io/online/qtsdkrepository/windows_x86/desktop/qt6_6101/qt6_6101/qt.qt6.6101.addons.qtshadertools.win64_msvc2022_64/6.10.1-0-202511161843qtshadertools-Windows-Windows_11_24H2-MSVC2022-Windows-Windows_11_24H2-X86_64.7z.sha256
2026-03-25 23:37:32,739 - aqt.helper - DEBUG - helper 35188 Attempt to download checksum at https://download.qt.io/online/qtsdkrepository/windows_x86/desktop/qt6_6101/qt6_6101/qt.qt6.6101.addons.qtimageformats.win64_msvc2022_64/6.10.1-0-202511161843qtimageformats-Windows-Windows_11_24H2-MSVC2022-Windows-Windows_11_24H2-X86_64.7z.sha256
2026-03-25 23:37:32,739 - aqt.helper - DEBUG - helper 21116 Attempt to download checksum at https://download.qt.io/online/qtsdkrepository/windows_x86/desktop/qt6_6101/qt6_6101/qt.qt6.6101.addons.qt5compat.win64_msvc2022_64/6.10.1-0-202511161843qt5compat-Windows-Windows_11_24H2-MSVC2022-Windows-Windows_11_24H2-X86_64.7z.sha256
sha256
2026-03-25 23:37:32,739 - aqt.helper - DEBUG - helper 12104 Attempt to download checksum at https://download.qt.io/online/qtsdkrepository/windows_x86/desktop/qt6_6101/qt6_6101/qt.qt6.6101.addons.qtremoteobjects.win64_msvc2022_64/6.10.1-0-202511161843qtremoteobjects-Windows-Windows_11_24H2-MSVC2022-Windows-Windows_11_24H2-X86_64.7z.sha256
2026-03-25 23:37:56,806 - aqt.helper - DEBUG - helper 21116 Attempt to download checksum at https://download.qt.io/online/qtsdkrepository/windows_x86/desktop/qt6_6101/qt6_6101/qt.qt6.6101.addons.qt5compat.win64_msvc2022_64/6.10.1-0-202511161843qt5compat-Windows-Windows_11_24H2-MSVC2022-Windows-Windows_11_24H2-X86_64.7z.sha256
2026-03-25 23:37:56,806 - aqt.helper - DEBUG - helper 27264 Attempt to download checksum at https://download.qt.io/online/qtsdkrepository/windows_x86/desktop/qt6_6101/qt6_6101/qt.qt6.6101.addons.qtshadertools.win64_msvc2022_64/6.10.1-0-202511161843qtshadertools-Windows-Windows_11_24H2-MSVC2022-Windows-Windows_11_24H2-X86_64.7z.sha256
56
2026-03-25 23:38:20,866 - aqt.helper - DEBUG - helper 27264 Attempt to download checksum at https://download.qt.io/online/qtsdkrepository/windows_x86/desktop/qt6_6101/qt6_6101/qt.qt6.6101.addons.qtshadertools.win64_msvc2022_64/6.10.1-0-202511161843qtshadertools-Windows-Windows_11_24H2-MSVC2022-Windows-Windows_11_24H2-X86_64.7z.sha256

2026-03-25 23:38:20,866 - aqt.helper - DEBUG - helper 12104 Attempt to download checksum at https://download.qt.io/online/qtsdkrepository/windows_x86/desktop/qt6_6101/qt6_6101/qt.qt6.6101.addons.qtremoteobjects.win64_msvc2022_64/6.10.1-0-202511161843qtremoteobjects-Windows-Windows_11_24H2-MSVC2022-Windows-Windows_11_24H2-X86_64.7z.sha256
2026-03-25 23:38:44,937 - aqt.helper - DEBUG - helper 27264 Attempt to download checksum at https://download.qt.io/online/qtsdkrepository/windows_x86/desktop/qt6_6101/qt6_6101/qt.qt6.6101.addons.qtshadertools.win64_msvc2022_64/6.10.1-0-202511161843qtshadertools-Windows-Windows_11_24H2-MSVC2022-Windows-Windows_11_24H2-X86_64.7z.sha256

2026-03-25 23:38:44,937 - aqt.helper - DEBUG - helper 12104 Attempt to download checksum at https://download.qt.io/online/qtsdkrepository/windows_x86/desktop/qt6_6101/qt6_6101/qt.qt6.6101.addons.qtremoteobjects.win64_msvc2022_64/6.10.1-0-202511161843qtremoteobjects-Windows-Windows_11_24H2-MSVC2022-Windows-Windows_11_24H2-X86_64.7z.sha256
2026-03-25 23:39:09,005 - aqt.helper - DEBUG - helper 12104 Attempt to download checksum at https://download.qt.io/online/qtsdkrepository/windows_x86/desktop/qt6_6101/qt6_6101/qt.qt6.6101.win64_msvc2022_64/6.10.1-0-202511161843qtsvg-Windows-Windows_11_24H2-MSVC2022-Windows-Windows_11_24H2-X86_64.7z.sha256
2026-03-25 23:39:09,005 - aqt.helper - DEBUG - helper 35188 Attempt to download checksum at https://download.qt.io/online/qtsdkrepository/windows_x86/desktop/qt6_6101/qt6_6101/qt.qt6.6101.win64_msvc2022_64/6.10.1-0-202511161843qtbase-Windows-Windows_11_24H2-MSVC2022-Windows-Windows_11_24H2-X86_64.7z.sha256
2026-03-25 23:39:09,006 - aqt.helper - DEBUG - helper 27264 Attempt to download checksum at https://download.qt.io/online/qtsdkrepository/windows_x86/desktop/qt6_6101/qt6_6101/qt.qt6.6101.win64_msvc2022_64/6.10.1-0-202511161843qttools-Windows-Windows_11_24H2-MSVC2022-Windows-Windows_11_24H2-X86_64.7z.sha256
2026-03-25 23:39:09,006 - aqt.helper - DEBUG - helper 21116 Attempt to download checksum at https://download.qt.io/online/qtsdkrepository/windows_x86/desktop/qt6_6101/qt6_6101/qt.qt6.6101.win64_msvc2022_64/6.10.1-0-202511161843qtdeclarative-Windows-Windows_11_24H2-MSVC2022-Windows-Windows_11_24H2-X86_64.7z.sha256
2026-03-25 23:39:33,055 - aqt.helper - DEBUG - helper 12104 Attempt to download checksum at https://download.qt.io/online/qtsdkrepository/windows_x86/desktop/qt6_6101/qt6_6101/qt.qt6.6101.win64_msvc2022_64/6.10.1-0-202511161843qtsvg-Windows-Windows_11_24H2-MSVC2022-Windows-Windows_11_24H2-X86_64.7z.sha256
2026-03-25 23:39:33,055 - aqt.helper - DEBUG - helper 21116 Attempt to download checksum at https://download.qt.io/online/qtsdkrepository/windows_x86/desktop/qt6_6101/qt6_6101/qt.qt6.6101.win64_msvc2022_64/6.10.1-0-202511161843qtdeclarative-Windows-Windows_11_24H2-MSVC2022-Windows-Windows_11_24H2-X86_64.7z.sha256
2026-03-25 23:40:04,318 - aqt.helper - DEBUG - helper 21116 Attempt to download checksum at https://download.qt.io/online/qtsdkrepository/windows_x86/desktop/qt6_6101/qt6_6101/qt.qt6.6101.win64_msvc2022_64/6.10.1-0-202511161843qtdeclarative-Windows-Windows_11_24H2-MSVC2022-Windows-Windows_11_24H2-X86_64.7z.sha256
2026-03-25 23:40:30,389 - aqt.helper - DEBUG - helper 27264 Attempt to download checksum at https://download.qt.io/online/qtsdkrepository/windows_x86/desktop/qt6_6101/qt6_6101/qt.qt6.6101.win64_msvc2022_64/6.10.1-0-202511161843qttools-Windows-Windows_11_24H2-MSVC2022-Windows-Windows_11_24H2-X86_64.7z.sha256
a256
2026-03-25 23:40:30,389 - aqt.helper - DEBUG - helper 35188 Attempt to download checksum at https://download.qt.io/online/qtsdkrepository/windows_x86/desktop/qt6_6101/qt6_6101/qt.qt6.6101.win64_msvc2022_64/6.10.1-0-202511161843qtbase-Windows-Windows_11_24H2-MSVC2022-Windows-Windows_11_24H2-X86_64.7z.sha256
2026-03-25 23:40:58,469 - aqt.helper - DEBUG - helper 35188 Attempt to download checksum at https://download.qt.io/online/qtsdkrepository/windows_x86/desktop/qt6_6101/qt6_6101/qt.qt6.6101.win64_msvc2022_64/6.10.1-0-202511161843qtbase-Windows-Windows_11_24H2-MSVC2022-Windows-Windows_11_24H2-X86_64.7z.sha256
2026-03-25 23:40:58,469 - aqt.helper - DEBUG - helper 27264 Attempt to download checksum at https://download.qt.io/online/qtsdkrepository/windows_x86/desktop/qt6_6101/qt6_6101/qt.qt6.6101.win64_msvc2022_64/6.10.1-0-202511161843qttools-Windows-Windows_11_24H2-MSVC2022-Windows-Windows_11_24H2-X86_64.7z.sha256
a256
2026-03-25 23:41:24,583 - aqt.helper - DEBUG - helper 35188 Attempt to download checksum at https://download.qt.io/online/qtsdkrepository/windows_x86/desktop/qt6_6101/qt6_6101/qt.qt6.6101.win64_msvc2022_64/6.10.1-0-202511161843qttranslations-Windows-Windows_11_24H2-MSVC2022-Windows-Windows_11_24H2-X86_64.7z.sha256
2026-03-25 23:41:24,583 - aqt.helper - DEBUG - helper 12104 Attempt to download checksum at https://download.qt.io/online/qtsdkrepository/windows_x86/desktop/qt6_6101/qt6_6101/qt.qt6.6101.win64_msvc2022_64/6.10.1-0-202511161843d3dcompiler_47-x64.7z.sha256
2026-03-25 23:41:24,584 - aqt.helper - DEBUG - helper 21116 Attempt to download checksum at https://download.qt.io/online/qtsdkrepository/windows_x86/desktop/qt6_6101/qt6_6101/qt.qt6.6101.win64_msvc2022_64/6.10.1-0-202511161843opengl32sw-64-mesa_11_2_2-signed_sha256.7z.sha256
2026-03-25 23:41:49,750 - aqt.helper - DEBUG - helper 21116 Attempt to download checksum at https://download.qt.io/online/qtsdkrepository/windows_x86/desktop/qt6_6101/qt6_6101/qt.qt6.6101.win64_msvc2022_64/6.10.1-0-202511161843opengl32sw-64-mesa_11_2_2-signed_sha256.7z.sha256
dows-Windows_11_24H2-X86_64.7z.sha256
2026-03-25 23:42:15,929 - aqt.helper - DEBUG - helper 21116 Attempt to download checksum at https://download.qt.io/online/qtsdkrepository/windows_x86/desktop/qt6_6101/qt6_6101/qt.qt6.6101.win64_msvc2022_64/6.10.1-0-202511161843opengl32sw-64-mesa_11_2_2-signed_sha256.7z.sha256
dows-Windows_11_24H2-X86_64.7z.sha256
2026-03-25 23:42:41,106 - aqt.helper - DEBUG - helper 21116 Attempt to download checksum at https://download.qt.io/online/qtsdkrepository/windows_x86/desktop/qt6_6101/qt6_6101/qt.qt6.6101.win64_msvc2022_64/6.10.1-0-202511161843opengl32sw-64-mesa_11_2_2-signed_sha256.7z.sha256
2026-03-25 23:42:41,106 - aqt.helper - DEBUG - helper 12104 Attempt to download checksum at https://download.qt.io/online/qtsdkrepository/windows_x86/desktop/qt6_6101/qt6_6101/qt.qt6.6101.win64_msvc2022_64/6.10.1-0-202511161843d3dcompiler_47-x64.7z.sha256
_11_24H2-MSVC2022-Windows-Windows_11_24H2-X86_64.7z.sha256
2026-03-25 23:43:07,286 - aqt.helper - DEBUG - helper 35188 Attempt to download checksum at https://download.qt.io/online/qtsdkrepository/windows_x86/desktop/qt6_6101/qt6_6101/qt.qt6.6101.win64_msvc2022_64/6.10.1-0-202511161843qttranslations-Windows-Windows_11_24H2-MSVC2022-Windows-Windows_11_24H2-X86_64.7z.sha256
2026-03-25 23:43:07,286 - aqt.helper - DEBUG - helper 21116 Attempt to download checksum at https://download.qt.io/online/qtsdkrepository/windows_x86/desktop/qt6_6101/qt6_6101/qt.qt6.6101.win64_msvc2022_64/6.10.1-0-202511161843opengl32sw-64-mesa_11_2_2-signed_sha256.7z.sha256
2026-03-25 23:43:33,496 - aqt.installer - WARNING - installer 39364 Caught ChecksumDownloadFailure, terminating installer workers
2026-03-25 23:43:33,511 - aqt.main - ERROR - installer 39364 Failed to download checksum for the file '6.10.1-0-202511161843qtimageformats-Windows-Windows_11_24H2-MSVC2022-Windows-Windows_11_24H2-X86_64.7z' from mirrors '['https://download.qt.io']
==============================Suggested follow-up:==============================
* Check your internet connection
* Consider modifying `requests.max_retries_to_retrieve_hash` in settings.ini
* Consider modifying `mirrors.trusted_mirrors` in settings.ini (see https://aqtinstall.readthedocs.io/en/stable/configuration.html#configuration)
2026-03-25 23:43:52,167 - aqt.main - INFO - installer 38700 aqtinstall(aqt) v3.3.0 on Python 3.13.12 [CPython MSC v.1944 64 bit (AMD64)]
2026-03-25 23:44:14,367 - aqt.main - ERROR - installer 38700 Error installing official installer: 'windows-x64'
2026-03-25 23:44:14,368 - aqt.main - INFO - installer 38700 Done
2026-03-25 23:46:16,854 - aqt.main - INFO - installer 8476 aqtinstall(aqt) v3.3.0 on Python 3.13.12 [CPython MSC v.1944 64 bit (AMD64)]
2026-03-25 23:46:16,855 - aqt.helper - DEBUG - helper 8476 Attempt to download checksum at https://mirrors.ocf.berkeley.edu/qt/online/qtsdkrepository/windows_x86/desktop/qt6_6101/qt6_6101/Updates.xml.sha256
2026-03-25 23:46:17,715 - aqt.helper - DEBUG - helper 8476 Attempt to download checksum at https://mirrors.ocf.berkeley.edu/qt/online/qtsdkrepository/windows_x86/desktop/qt6_6101/qt6_6101/Updates.xml.sha256
2026-03-25 23:46:18,588 - aqt.helper - DEBUG - helper 8476 Attempt to download checksum at https://mirrors.ocf.berkeley.edu/qt/online/qtsdkrepository/windows_x86/desktop/qt6_6101/qt6_6101/Updates.xml.sha256
2026-03-25 23:46:19,484 - aqt.helper - DEBUG - helper 8476 Attempt to download checksum at https://mirrors.ocf.berkeley.edu/qt/online/qtsdkrepository/windows_x86/desktop/qt6_6101/qt6_6101/Updates.xml.sha256
2026-03-25 23:46:20,414 - aqt.helper - DEBUG - helper 8476 Attempt to download checksum at https://mirrors.ocf.berkeley.edu/qt/online/qtsdkrepository/windows_x86/desktop/qt6_6101/qt6_6101/Updates.xml.sha256
2026-03-25 23:46:21,355 - aqt.archives - WARNING - archives 8476 Failed to download checksum for the file 'online/qtsdkrepository/windows_x86/desktop/qt6_6101/qt6_6101/Updates.xml'. This may happen on unofficial mirrors.
2026-03-25 23:46:23,231 - aqt.helper - DEBUG - helper 8476 Attempt to download checksum at https://mirrors.ocf.berkeley.edu/qt/online/qtsdkrepository/windows_x86/extensions/qtwebengine/6101/msvc2022_64/Updates.xml.sha256
2026-03-25 23:46:24,267 - aqt.helper - DEBUG - helper 8476 Attempt to download checksum at https://mirrors.ocf.berkeley.edu/qt/online/qtsdkrepository/windows_x86/extensions/qtwebengine/6101/msvc2022_64/Updates.xml.sha256
2026-03-25 23:46:25,242 - aqt.helper - DEBUG - helper 8476 Attempt to download checksum at https://mirrors.ocf.berkeley.edu/qt/online/qtsdkrepository/windows_x86/extensions/qtwebengine/6101/msvc2022_64/Updates.xml.sha256
2026-03-25 23:46:26,166 - aqt.helper - DEBUG - helper 8476 Attempt to download checksum at https://mirrors.ocf.berkeley.edu/qt/online/qtsdkrepository/windows_x86/extensions/qtwebengine/6101/msvc2022_64/Updates.xml.sha256
2026-03-25 23:46:27,094 - aqt.helper - DEBUG - helper 8476 Attempt to download checksum at https://mirrors.ocf.berkeley.edu/qt/online/qtsdkrepository/windows_x86/extensions/qtwebengine/6101/msvc2022_64/Updates.xml.sha256
2026-03-25 23:46:28,491 - aqt.helper - DEBUG - helper 8476 Attempt to download checksum at https://mirrors.ocf.berkeley.edu/qt/online/qtsdkrepository/windows_x86/extensions/qtpdf/6101/msvc2022_64/Updates.xml.sha256
2026-03-25 23:46:29,427 - aqt.helper - DEBUG - helper 8476 Attempt to download checksum at https://mirrors.ocf.berkeley.edu/qt/online/qtsdkrepository/windows_x86/extensions/qtpdf/6101/msvc2022_64/Updates.xml.sha256
2026-03-25 23:46:30,498 - aqt.helper - DEBUG - helper 8476 Attempt to download checksum at https://mirrors.ocf.berkeley.edu/qt/online/qtsdkrepository/windows_x86/extensions/qtpdf/6101/msvc2022_64/Updates.xml.sha256
2026-03-25 23:46:31,598 - aqt.helper - DEBUG - helper 8476 Attempt to download checksum at https://mirrors.ocf.berkeley.edu/qt/online/qtsdkrepository/windows_x86/extensions/qtpdf/6101/msvc2022_64/Updates.xml.sha256
2026-03-25 23:46:32,530 - aqt.helper - DEBUG - helper 8476 Attempt to download checksum at https://mirrors.ocf.berkeley.edu/qt/online/qtsdkrepository/windows_x86/extensions/qtpdf/6101/msvc2022_64/Updates.xml.sha256
2026-03-25 23:46:33,871 - aqt.helper - DEBUG - helper 32172 Attempt to download checksum at https://mirrors.ocf.berkeley.edu/qt/online/qtsdkrepository/windows_x86/desktop/qt6_6101/qt6_6101/qt.qt6.6101.addons.qt5compat.win64_msvc2022_64/6.10.1-0-202511161843qt5compat-Windows-Windows_11_24H2-MSVC2022-Windows-Windows_11_24H2-X86_64.7z.sha256
2026-03-25 23:46:33,872 - aqt.helper - DEBUG - helper 23868 Attempt to download checksum at https://mirrors.ocf.berkeley.edu/qt/online/qtsdkrepository/windows_x86/desktop/qt6_6101/qt6_6101/qt.qt6.6101.addons.qtimageformats.win64_msvc2022_64/6.10.1-0-202511161843qtimageformats-Windows-Windows_11_24H2-MSVC2022-Windows-Windows_11_24H2-X86_64.7z.sha256
2026-03-25 23:46:33,874 - aqt.helper - DEBUG - helper 6544 Attempt to download checksum at https://mirrors.ocf.berkeley.edu/qt/online/qtsdkrepository/windows_x86/desktop/qt6_6101/qt6_6101/qt.qt6.6101.addons.qtremoteobjects.win64_msvc2022_64/6.10.1-0-202511161843qtremoteobjects-Windows-Windows_11_24H2-MSVC2022-Windows-Windows_11_24H2-X86_64.7z.sha256
2026-03-25 23:46:33,879 - aqt.helper - DEBUG - helper 34412 Attempt to download checksum at https://mirrors.ocf.berkeley.edu/qt/online/qtsdkrepository/windows_x86/desktop/qt6_6101/qt6_6101/qt.qt6.6101.addons.qtshadertools.win64_msvc2022_64/6.10.1-0-202511161843qtshadertools-Windows-Windows_11_24H2-MSVC2022-Windows-Windows_11_24H2-X86_64.7z.sha256
2026-03-25 23:46:35,234 - aqt.helper - DEBUG - helper 34412 Attempt to download checksum at https://mirrors.ocf.berkeley.edu/qt/online/qtsdkrepository/windows_x86/desktop/qt6_6101/qt6_6101/qt.qt6.6101.addons.qtshadertools.win64_msvc2022_64/6.10.1-0-202511161843qtshadertools-Windows-Windows_11_24H2-MSVC2022-Windows-Windows_11_24H2-X86_64.7z.sha256
2026-03-25 23:46:35,276 - aqt.helper - DEBUG - helper 6544 Attempt to download checksum at https://mirrors.ocf.berkeley.edu/qt/online/qtsdkrepository/windows_x86/desktop/qt6_6101/qt6_6101/qt.qt6.6101.addons.qtremoteobjects.win64_msvc2022_64/6.10.1-0-202511161843qtremoteobjects-Windows-Windows_11_24H2-MSVC2022-Windows-Windows_11_24H2-X86_64.7z.sha256
2026-03-25 23:46:35,286 - aqt.helper - DEBUG - helper 23868 Attempt to download checksum at https://mirrors.ocf.berkeley.edu/qt/online/qtsdkrepository/windows_x86/desktop/qt6_6101/qt6_6101/qt.qt6.6101.addons.qtimageformats.win64_msvc2022_64/6.10.1-0-202511161843qtimageformats-Windows-Windows_11_24H2-MSVC2022-Windows-Windows_11_24H2-X86_64.7z.sha256
2026-03-25 23:46:35,493 - aqt.helper - DEBUG - helper 32172 Attempt to download checksum at https://mirrors.ocf.berkeley.edu/qt/online/qtsdkrepository/windows_x86/desktop/qt6_6101/qt6_6101/qt.qt6.6101.addons.qt5compat.win64_msvc2022_64/6.10.1-0-202511161843qt5compat-Windows-Windows_11_24H2-MSVC2022-Windows-Windows_11_24H2-X86_64.7z.sha256
2026-03-25 23:46:36,318 - aqt.helper - DEBUG - helper 34412 Attempt to download checksum at https://mirrors.ocf.berkeley.edu/qt/online/qtsdkrepository/windows_x86/desktop/qt6_6101/qt6_6101/qt.qt6.6101.addons.qtshadertools.win64_msvc2022_64/6.10.1-0-202511161843qtshadertools-Windows-Windows_11_24H2-MSVC2022-Windows-Windows_11_24H2-X86_64.7z.sha256
2026-03-25 23:46:36,431 - aqt.helper - DEBUG - helper 6544 Attempt to download checksum at https://mirrors.ocf.berkeley.edu/qt/online/qtsdkrepository/windows_x86/desktop/qt6_6101/qt6_6101/qt.qt6.6101.addons.qtremoteobjects.win64_msvc2022_64/6.10.1-0-202511161843qtremoteobjects-Windows-Windows_11_24H2-MSVC2022-Windows-Windows_11_24H2-X86_64.7z.sha256
2026-03-25 23:46:36,437 - aqt.helper - DEBUG - helper 23868 Attempt to download checksum at https://mirrors.ocf.berkeley.edu/qt/online/qtsdkrepository/windows_x86/desktop/qt6_6101/qt6_6101/qt.qt6.6101.addons.qtimageformats.win64_msvc2022_64/6.10.1-0-202511161843qtimageformats-Windows-Windows_11_24H2-MSVC2022-Windows-Windows_11_24H2-X86_64.7z.sha256
2026-03-25 23:46:36,520 - aqt.helper - DEBUG - helper 32172 Attempt to download checksum at https://mirrors.ocf.berkeley.edu/qt/online/qtsdkrepository/windows_x86/desktop/qt6_6101/qt6_6101/qt.qt6.6101.addons.qt5compat.win64_msvc2022_64/6.10.1-0-202511161843qt5compat-Windows-Windows_11_24H2-MSVC2022-Windows-Windows_11_24H2-X86_64.7z.sha256
2026-03-25 23:46:37,314 - aqt.helper - DEBUG - helper 34412 Attempt to download checksum at https://mirrors.ocf.berkeley.edu/qt/online/qtsdkrepository/windows_x86/desktop/qt6_6101/qt6_6101/qt.qt6.6101.addons.qtshadertools.win64_msvc2022_64/6.10.1-0-202511161843qtshadertools-Windows-Windows_11_24H2-MSVC2022-Windows-Windows_11_24H2-X86_64.7z.sha256
2026-03-25 23:46:37,549 - aqt.helper - DEBUG - helper 6544 Attempt to download checksum at https://mirrors.ocf.berkeley.edu/qt/online/qtsdkrepository/windows_x86/desktop/qt6_6101/qt6_6101/qt.qt6.6101.addons.qtremoteobjects.win64_msvc2022_64/6.10.1-0-202511161843qtremoteobjects-Windows-Windows_11_24H2-MSVC2022-Windows-Windows_11_24H2-X86_64.7z.sha256
2026-03-25 23:46:37,550 - aqt.helper - DEBUG - helper 23868 Attempt to download checksum at https://mirrors.ocf.berkeley.edu/qt/online/qtsdkrepository/windows_x86/desktop/qt6_6101/qt6_6101/qt.qt6.6101.addons.qtimageformats.win64_msvc2022_64/6.10.1-0-202511161843qtimageformats-Windows-Windows_11_24H2-MSVC2022-Windows-Windows_11_24H2-X86_64.7z.sha256
2026-03-25 23:46:37,590 - aqt.helper - DEBUG - helper 32172 Attempt to download checksum at https://mirrors.ocf.berkeley.edu/qt/online/qtsdkrepository/windows_x86/desktop/qt6_6101/qt6_6101/qt.qt6.6101.addons.qt5compat.win64_msvc2022_64/6.10.1-0-202511161843qt5compat-Windows-Windows_11_24H2-MSVC2022-Windows-Windows_11_24H2-X86_64.7z.sha256
2026-03-25 23:46:38,295 - aqt.helper - DEBUG - helper 34412 Attempt to download checksum at https://mirrors.ocf.berkeley.edu/qt/online/qtsdkrepository/windows_x86/desktop/qt6_6101/qt6_6101/qt.qt6.6101.addons.qtshadertools.win64_msvc2022_64/6.10.1-0-202511161843qtshadertools-Windows-Windows_11_24H2-MSVC2022-Windows-Windows_11_24H2-X86_64.7z.sha256
2026-03-25 23:46:38,599 - aqt.helper - DEBUG - helper 6544 Attempt to download checksum at https://mirrors.ocf.berkeley.edu/qt/online/qtsdkrepository/windows_x86/desktop/qt6_6101/qt6_6101/qt.qt6.6101.addons.qtremoteobjects.win64_msvc2022_64/6.10.1-0-202511161843qtremoteobjects-Windows-Windows_11_24H2-MSVC2022-Windows-Windows_11_24H2-X86_64.7z.sha256
2026-03-25 23:46:38,606 - aqt.helper - DEBUG - helper 23868 Attempt to download checksum at https://mirrors.ocf.berkeley.edu/qt/online/qtsdkrepository/windows_x86/desktop/qt6_6101/qt6_6101/qt.qt6.6101.addons.qtimageformats.win64_msvc2022_64/6.10.1-0-202511161843qtimageformats-Windows-Windows_11_24H2-MSVC2022-Windows-Windows_11_24H2-X86_64.7z.sha256
2026-03-25 23:46:38,626 - aqt.helper - DEBUG - helper 32172 Attempt to download checksum at https://mirrors.ocf.berkeley.edu/qt/online/qtsdkrepository/windows_x86/desktop/qt6_6101/qt6_6101/qt.qt6.6101.addons.qt5compat.win64_msvc2022_64/6.10.1-0-202511161843qt5compat-Windows-Windows_11_24H2-MSVC2022-Windows-Windows_11_24H2-X86_64.7z.sha256
2026-03-25 23:46:39,211 - aqt.helper - DEBUG - helper 34412 Attempt to download checksum at https://mirrors.ocf.berkeley.edu/qt/online/qtsdkrepository/windows_x86/desktop/qt6_6101/qt6_6101/qt.qt6.6101.win64_msvc2022_64/6.10.1-0-202511161843qtbase-Windows-Windows_11_24H2-MSVC2022-Windows-Windows_11_24H2-X86_64.7z.sha256
2026-03-25 23:46:39,686 - aqt.helper - DEBUG - helper 6544 Attempt to download checksum at https://mirrors.ocf.berkeley.edu/qt/online/qtsdkrepository/windows_x86/desktop/qt6_6101/qt6_6101/qt.qt6.6101.win64_msvc2022_64/6.10.1-0-202511161843qtsvg-Windows-Windows_11_24H2-MSVC2022-Windows-Windows_11_24H2-X86_64.7z.sha256
2026-03-25 23:46:39,686 - aqt.helper - DEBUG - helper 23868 Attempt to download checksum at https://mirrors.ocf.berkeley.edu/qt/online/qtsdkrepository/windows_x86/desktop/qt6_6101/qt6_6101/qt.qt6.6101.win64_msvc2022_64/6.10.1-0-202511161843qtdeclarative-Windows-Windows_11_24H2-MSVC2022-Windows-Windows_11_24H2-X86_64.7z.sha256
2026-03-25 23:46:39,698 - aqt.helper - DEBUG - helper 32172 Attempt to download checksum at https://mirrors.ocf.berkeley.edu/qt/online/qtsdkrepository/windows_x86/desktop/qt6_6101/qt6_6101/qt.qt6.6101.win64_msvc2022_64/6.10.1-0-202511161843qttools-Windows-Windows_11_24H2-MSVC2022-Windows-Windows_11_24H2-X86_64.7z.sha256
2026-03-25 23:46:40,184 - aqt.helper - DEBUG - helper 34412 Attempt to download checksum at https://mirrors.ocf.berkeley.edu/qt/online/qtsdkrepository/windows_x86/desktop/qt6_6101/qt6_6101/qt.qt6.6101.win64_msvc2022_64/6.10.1-0-202511161843qtbase-Windows-Windows_11_24H2-MSVC2022-Windows-Windows_11_24H2-X86_64.7z.sha256
2026-03-25 23:46:40,816 - aqt.helper - DEBUG - helper 6544 Attempt to download checksum at https://mirrors.ocf.berkeley.edu/qt/online/qtsdkrepository/windows_x86/desktop/qt6_6101/qt6_6101/qt.qt6.6101.win64_msvc2022_64/6.10.1-0-202511161843qtsvg-Windows-Windows_11_24H2-MSVC2022-Windows-Windows_11_24H2-X86_64.7z.sha256
2026-03-25 23:46:40,821 - aqt.helper - DEBUG - helper 23868 Attempt to download checksum at https://mirrors.ocf.berkeley.edu/qt/online/qtsdkrepository/windows_x86/desktop/qt6_6101/qt6_6101/qt.qt6.6101.win64_msvc2022_64/6.10.1-0-202511161843qtdeclarative-Windows-Windows_11_24H2-MSVC2022-Windows-Windows_11_24H2-X86_64.7z.sha256
2026-03-25 23:46:40,843 - aqt.helper - DEBUG - helper 32172 Attempt to download checksum at https://mirrors.ocf.berkeley.edu/qt/online/qtsdkrepository/windows_x86/desktop/qt6_6101/qt6_6101/qt.qt6.6101.win64_msvc2022_64/6.10.1-0-202511161843qttools-Windows-Windows_11_24H2-MSVC2022-Windows-Windows_11_24H2-X86_64.7z.sha256
2026-03-25 23:46:41,124 - aqt.helper - DEBUG - helper 34412 Attempt to download checksum at https://mirrors.ocf.berkeley.edu/qt/online/qtsdkrepository/windows_x86/desktop/qt6_6101/qt6_6101/qt.qt6.6101.win64_msvc2022_64/6.10.1-0-202511161843qtbase-Windows-Windows_11_24H2-MSVC2022-Windows-Windows_11_24H2-X86_64.7z.sha256
2026-03-25 23:46:41,870 - aqt.helper - DEBUG - helper 6544 Attempt to download checksum at https://mirrors.ocf.berkeley.edu/qt/online/qtsdkrepository/windows_x86/desktop/qt6_6101/qt6_6101/qt.qt6.6101.win64_msvc2022_64/6.10.1-0-202511161843qtsvg-Windows-Windows_11_24H2-MSVC2022-Windows-Windows_11_24H2-X86_64.7z.sha256
2026-03-25 23:46:41,878 - aqt.helper - DEBUG - helper 23868 Attempt to download checksum at https://mirrors.ocf.berkeley.edu/qt/online/qtsdkrepository/windows_x86/desktop/qt6_6101/qt6_6101/qt.qt6.6101.win64_msvc2022_64/6.10.1-0-202511161843qtdeclarative-Windows-Windows_11_24H2-MSVC2022-Windows-Windows_11_24H2-X86_64.7z.sha256
2026-03-25 23:46:41,890 - aqt.helper - DEBUG - helper 32172 Attempt to download checksum at https://mirrors.ocf.berkeley.edu/qt/online/qtsdkrepository/windows_x86/desktop/qt6_6101/qt6_6101/qt.qt6.6101.win64_msvc2022_64/6.10.1-0-202511161843qttools-Windows-Windows_11_24H2-MSVC2022-Windows-Windows_11_24H2-X86_64.7z.sha256
2026-03-25 23:46:42,111 - aqt.helper - DEBUG - helper 34412 Attempt to download checksum at https://mirrors.ocf.berkeley.edu/qt/online/qtsdkrepository/windows_x86/desktop/qt6_6101/qt6_6101/qt.qt6.6101.win64_msvc2022_64/6.10.1-0-202511161843qtbase-Windows-Windows_11_24H2-MSVC2022-Windows-Windows_11_24H2-X86_64.7z.sha256
2026-03-25 23:46:43,035 - aqt.helper - DEBUG - helper 6544 Attempt to download checksum at https://mirrors.ocf.berkeley.edu/qt/online/qtsdkrepository/windows_x86/desktop/qt6_6101/qt6_6101/qt.qt6.6101.win64_msvc2022_64/6.10.1-0-202511161843qtsvg-Windows-Windows_11_24H2-MSVC2022-Windows-Windows_11_24H2-X86_64.7z.sha256
2026-03-25 23:46:43,077 - aqt.helper - DEBUG - helper 32172 Attempt to download checksum at https://mirrors.ocf.berkeley.edu/qt/online/qtsdkrepository/windows_x86/desktop/qt6_6101/qt6_6101/qt.qt6.6101.win64_msvc2022_64/6.10.1-0-202511161843qttools-Windows-Windows_11_24H2-MSVC2022-Windows-Windows_11_24H2-X86_64.7z.sha256
2026-03-25 23:46:43,109 - aqt.helper - DEBUG - helper 23868 Attempt to download checksum at https://mirrors.ocf.berkeley.edu/qt/online/qtsdkrepository/windows_x86/desktop/qt6_6101/qt6_6101/qt.qt6.6101.win64_msvc2022_64/6.10.1-0-202511161843qtdeclarative-Windows-Windows_11_24H2-MSVC2022-Windows-Windows_11_24H2-X86_64.7z.sha256
2026-03-25 23:46:43,222 - aqt.helper - DEBUG - helper 34412 Attempt to download checksum at https://mirrors.ocf.berkeley.edu/qt/online/qtsdkrepository/windows_x86/desktop/qt6_6101/qt6_6101/qt.qt6.6101.win64_msvc2022_64/6.10.1-0-202511161843qtbase-Windows-Windows_11_24H2-MSVC2022-Windows-Windows_11_24H2-X86_64.7z.sha256
2026-03-25 23:46:44,227 - aqt.helper - DEBUG - helper 32172 Attempt to download checksum at https://mirrors.ocf.berkeley.edu/qt/online/qtsdkrepository/windows_x86/desktop/qt6_6101/qt6_6101/qt.qt6.6101.win64_msvc2022_64/6.10.1-0-202511161843qttools-Windows-Windows_11_24H2-MSVC2022-Windows-Windows_11_24H2-X86_64.7z.sha256
2026-03-25 23:46:44,274 - aqt.helper - DEBUG - helper 6544 Attempt to download checksum at https://mirrors.ocf.berkeley.edu/qt/online/qtsdkrepository/windows_x86/desktop/qt6_6101/qt6_6101/qt.qt6.6101.win64_msvc2022_64/6.10.1-0-202511161843qtsvg-Windows-Windows_11_24H2-MSVC2022-Windows-Windows_11_24H2-X86_64.7z.sha256
2026-03-25 23:46:44,275 - aqt.helper - DEBUG - helper 23868 Attempt to download checksum at https://mirrors.ocf.berkeley.edu/qt/online/qtsdkrepository/windows_x86/desktop/qt6_6101/qt6_6101/qt.qt6.6101.win64_msvc2022_64/6.10.1-0-202511161843qtdeclarative-Windows-Windows_11_24H2-MSVC2022-Windows-Windows_11_24H2-X86_64.7z.sha256
2026-03-25 23:46:44,344 - aqt.helper - DEBUG - helper 34412 Attempt to download checksum at https://mirrors.ocf.berkeley.edu/qt/online/qtsdkrepository/windows_x86/desktop/qt6_6101/qt6_6101/qt.qt6.6101.win64_msvc2022_64/6.10.1-0-202511161843qttranslations-Windows-Windows_11_24H2-MSVC2022-Windows-Windows_11_24H2-X86_64.7z.sha256
2026-03-25 23:46:45,373 - aqt.helper - DEBUG - helper 32172 Attempt to download checksum at https://mirrors.ocf.berkeley.edu/qt/online/qtsdkrepository/windows_x86/desktop/qt6_6101/qt6_6101/qt.qt6.6101.win64_msvc2022_64/6.10.1-0-202511161843d3dcompiler_47-x64.7z.sha256
2026-03-25 23:46:45,427 - aqt.helper - DEBUG - helper 6544 Attempt to download checksum at https://mirrors.ocf.berkeley.edu/qt/online/qtsdkrepository/windows_x86/desktop/qt6_6101/qt6_6101/qt.qt6.6101.win64_msvc2022_64/6.10.1-0-202511161843opengl32sw-64-mesa_11_2_2-signed_sha256.7z.sha256
2026-03-25 23:46:45,471 - aqt.helper - DEBUG - helper 34412 Attempt to download checksum at https://mirrors.ocf.berkeley.edu/qt/online/qtsdkrepository/windows_x86/desktop/qt6_6101/qt6_6101/qt.qt6.6101.win64_msvc2022_64/6.10.1-0-202511161843qttranslations-Windows-Windows_11_24H2-MSVC2022-Windows-Windows_11_24H2-X86_64.7z.sha256
2026-03-25 23:46:46,434 - aqt.helper - DEBUG - helper 32172 Attempt to download checksum at https://mirrors.ocf.berkeley.edu/qt/online/qtsdkrepository/windows_x86/desktop/qt6_6101/qt6_6101/qt.qt6.6101.win64_msvc2022_64/6.10.1-0-202511161843d3dcompiler_47-x64.7z.sha256
2026-03-25 23:46:46,511 - aqt.helper - DEBUG - helper 6544 Attempt to download checksum at https://mirrors.ocf.berkeley.edu/qt/online/qtsdkrepository/windows_x86/desktop/qt6_6101/qt6_6101/qt.qt6.6101.win64_msvc2022_64/6.10.1-0-202511161843opengl32sw-64-mesa_11_2_2-signed_sha256.7z.sha256
2026-03-25 23:46:46,582 - aqt.helper - DEBUG - helper 34412 Attempt to download checksum at https://mirrors.ocf.berkeley.edu/qt/online/qtsdkrepository/windows_x86/desktop/qt6_6101/qt6_6101/qt.qt6.6101.win64_msvc2022_64/6.10.1-0-202511161843qttranslations-Windows-Windows_11_24H2-MSVC2022-Windows-Windows_11_24H2-X86_64.7z.sha256
2026-03-25 23:46:47,438 - aqt.helper - DEBUG - helper 32172 Attempt to download checksum at https://mirrors.ocf.berkeley.edu/qt/online/qtsdkrepository/windows_x86/desktop/qt6_6101/qt6_6101/qt.qt6.6101.win64_msvc2022_64/6.10.1-0-202511161843d3dcompiler_47-x64.7z.sha256
2026-03-25 23:46:47,556 - aqt.helper - DEBUG - helper 6544 Attempt to download checksum at https://mirrors.ocf.berkeley.edu/qt/online/qtsdkrepository/windows_x86/desktop/qt6_6101/qt6_6101/qt.qt6.6101.win64_msvc2022_64/6.10.1-0-202511161843opengl32sw-64-mesa_11_2_2-signed_sha256.7z.sha256
2026-03-25 23:46:47,601 - aqt.helper - DEBUG - helper 34412 Attempt to download checksum at https://mirrors.ocf.berkeley.edu/qt/online/qtsdkrepository/windows_x86/desktop/qt6_6101/qt6_6101/qt.qt6.6101.win64_msvc2022_64/6.10.1-0-202511161843qttranslations-Windows-Windows_11_24H2-MSVC2022-Windows-Windows_11_24H2-X86_64.7z.sha256
2026-03-25 23:46:48,414 - aqt.helper - DEBUG - helper 32172 Attempt to download checksum at https://mirrors.ocf.berkeley.edu/qt/online/qtsdkrepository/windows_x86/desktop/qt6_6101/qt6_6101/qt.qt6.6101.win64_msvc2022_64/6.10.1-0-202511161843d3dcompiler_47-x64.7z.sha256
2026-03-25 23:46:48,600 - aqt.helper - DEBUG - helper 6544 Attempt to download checksum at https://mirrors.ocf.berkeley.edu/qt/online/qtsdkrepository/windows_x86/desktop/qt6_6101/qt6_6101/qt.qt6.6101.win64_msvc2022_64/6.10.1-0-202511161843opengl32sw-64-mesa_11_2_2-signed_sha256.7z.sha256
2026-03-25 23:46:48,623 - aqt.helper - DEBUG - helper 34412 Attempt to download checksum at https://mirrors.ocf.berkeley.edu/qt/online/qtsdkrepository/windows_x86/desktop/qt6_6101/qt6_6101/qt.qt6.6101.win64_msvc2022_64/6.10.1-0-202511161843qttranslations-Windows-Windows_11_24H2-MSVC2022-Windows-Windows_11_24H2-X86_64.7z.sha256
2026-03-25 23:46:49,605 - aqt.helper - DEBUG - helper 6544 Attempt to download checksum at https://mirrors.ocf.berkeley.edu/qt/online/qtsdkrepository/windows_x86/desktop/qt6_6101/qt6_6101/qt.qt6.6101.win64_msvc2022_64/6.10.1-0-202511161843opengl32sw-64-mesa_11_2_2-signed_sha256.7z.sha256
2026-03-25 23:46:49,607 - aqt.helper - DEBUG - helper 32172 Attempt to download checksum at https://mirrors.ocf.berkeley.edu/qt/online/qtsdkrepository/windows_x86/desktop/qt6_6101/qt6_6101/qt.qt6.6101.win64_msvc2022_64/6.10.1-0-202511161843d3dcompiler_47-x64.7z.sha256
2026-03-25 23:46:50,661 - aqt.installer - WARNING - installer 8476 Caught ChecksumDownloadFailure, terminating installer workers
2026-03-25 23:46:50,672 - aqt.main - ERROR - installer 8476 Failed to download checksum for the file '6.10.1-0-202511161843qtshadertools-Windows-Windows_11_24H2-MSVC2022-Windows-Windows_11_24H2-X86_64.7z' from mirrors '['https://mirrors.ocf.berkeley.edu/qt']
==============================Suggested follow-up:==============================
* Check your internet connection
* Consider modifying `requests.max_retries_to_retrieve_hash` in settings.ini
* Consider modifying `mirrors.trusted_mirrors` in settings.ini (see https://aqtinstall.readthedocs.io/en/stable/configuration.html#configuration)
2026-03-25 23:47:31,815 - aqt.main - INFO - installer 41116 aqtinstall(aqt) v3.3.0 on Python 3.13.12 [CPython MSC v.1944 64 bit (AMD64)]
2026-03-25 23:47:34,521 - aqt.archives - INFO - archives 41116 Found extension qtwebengine
2026-03-25 23:47:35,361 - aqt.archives - INFO - archives 41116 Found extension qtpdf
2026-03-25 23:47:35,691 - aqt.helper - INFO - helper 29780 Downloading qt5compat...
2026-03-25 23:47:35,692 - aqt.helper - INFO - helper 2860 Downloading qtimageformats...
2026-03-25 23:47:35,692 - aqt.helper - INFO - helper 24640 Downloading qtremoteobjects...
2026-03-25 23:47:35,693 - aqt.helper - INFO - helper 8792 Downloading qtshadertools...
2026-03-25 23:47:35,691 - aqt.installer - DEBUG - installer 29780 Download URL: https://mirrors.ocf.berkeley.edu/qt/online/qtsdkrepository/windows_x86/desktop/qt6_6101/qt6_6101/qt.qt6.6101.addons.qt5compat.win64_msvc2022_64/6.10.1-0-202511161843qt5compat-Windows-Windows_11_24H2-MSVC2022-Windows-Windows_11_24H2-X86_64.7z
2026-03-25 23:47:35,692 - aqt.installer - DEBUG - installer 2860 Download URL: https://mirrors.ocf.berkeley.edu/qt/online/qtsdkrepository/windows_x86/desktop/qt6_6101/qt6_6101/qt.qt6.6101.addons.qtimageformats.win64_msvc2022_64/6.10.1-0-202511161843qtimageformats-Windows-Windows_11_24H2-MSVC2022-Windows-Windows_11_24H2-X86_64.7z
2026-03-25 23:47:35,693 - aqt.installer - DEBUG - installer 24640 Download URL: https://mirrors.ocf.berkeley.edu/qt/online/qtsdkrepository/windows_x86/desktop/qt6_6101/qt6_6101/qt.qt6.6101.addons.qtremoteobjects.win64_msvc2022_64/6.10.1-0-202511161843qtremoteobjects-Windows-Windows_11_24H2-MSVC2022-Windows-Windows_11_24H2-X86_64.7z
2026-03-25 23:47:35,693 - aqt.installer - DEBUG - installer 8792 Download URL: https://mirrors.ocf.berkeley.edu/qt/online/qtsdkrepository/windows_x86/desktop/qt6_6101/qt6_6101/qt.qt6.6101.addons.qtshadertools.win64_msvc2022_64/6.10.1-0-202511161843qtshadertools-Windows-Windows_11_24H2-MSVC2022-Windows-Windows_11_24H2-X86_64.7z
2026-03-25 23:47:38,308 - aqt.installer - INFO - installer 2860 Finished installation of qtimageformats-Windows-Windows_11_24H2-MSVC2022-Windows-Windows_11_24H2-X86_64.7z in 2.61702650
2026-03-25 23:47:38,318 - aqt.helper - INFO - helper 2860 Downloading qtbase...
2026-03-25 23:47:38,318 - aqt.installer - DEBUG - installer 2860 Download URL: https://mirrors.ocf.berkeley.edu/qt/online/qtsdkrepository/windows_x86/desktop/qt6_6101/qt6_6101/qt.qt6.6101.win64_msvc2022_64/6.10.1-0-202511161843qtbase-Windows-Windows_11_24H2-MSVC2022-Windows-Windows_11_24H2-X86_64.7z
2026-03-25 23:47:38,364 - aqt.installer - INFO - installer 24640 Finished installation of qtremoteobjects-Windows-Windows_11_24H2-MSVC2022-Windows-Windows_11_24H2-X86_64.7z in 2.67294700
2026-03-25 23:47:38,372 - aqt.helper - INFO - helper 24640 Downloading qtsvg...
2026-03-25 23:47:38,372 - aqt.installer - DEBUG - installer 24640 Download URL: https://mirrors.ocf.berkeley.edu/qt/online/qtsdkrepository/windows_x86/desktop/qt6_6101/qt6_6101/qt.qt6.6101.win64_msvc2022_64/6.10.1-0-202511161843qtsvg-Windows-Windows_11_24H2-MSVC2022-Windows-Windows_11_24H2-X86_64.7z
2026-03-25 23:47:38,484 - aqt.installer - INFO - installer 29780 Finished installation of qt5compat-Windows-Windows_11_24H2-MSVC2022-Windows-Windows_11_24H2-X86_64.7z in 2.79492970
2026-03-25 23:47:38,494 - aqt.helper - INFO - helper 29780 Downloading qtdeclarative...
2026-03-25 23:47:38,494 - aqt.installer - DEBUG - installer 29780 Download URL: https://mirrors.ocf.berkeley.edu/qt/online/qtsdkrepository/windows_x86/desktop/qt6_6101/qt6_6101/qt.qt6.6101.win64_msvc2022_64/6.10.1-0-202511161843qtdeclarative-Windows-Windows_11_24H2-MSVC2022-Windows-Windows_11_24H2-X86_64.7z
2026-03-25 23:47:38,876 - aqt.installer - INFO - installer 8792 Finished installation of qtshadertools-Windows-Windows_11_24H2-MSVC2022-Windows-Windows_11_24H2-X86_64.7z in 3.18464300
2026-03-25 23:47:38,885 - aqt.helper - INFO - helper 8792 Downloading qttools...
2026-03-25 23:47:38,885 - aqt.installer - DEBUG - installer 8792 Download URL: https://mirrors.ocf.berkeley.edu/qt/online/qtsdkrepository/windows_x86/desktop/qt6_6101/qt6_6101/qt.qt6.6101.win64_msvc2022_64/6.10.1-0-202511161843qttools-Windows-Windows_11_24H2-MSVC2022-Windows-Windows_11_24H2-X86_64.7z
2026-03-25 23:47:40,909 - aqt.installer - INFO - installer 24640 Finished installation of qtsvg-Windows-Windows_11_24H2-MSVC2022-Windows-Windows_11_24H2-X86_64.7z in 2.53800830
2026-03-25 23:47:40,919 - aqt.helper - INFO - helper 24640 Downloading qttranslations...
2026-03-25 23:47:40,919 - aqt.installer - DEBUG - installer 24640 Download URL: https://mirrors.ocf.berkeley.edu/qt/online/qtsdkrepository/windows_x86/desktop/qt6_6101/qt6_6101/qt.qt6.6101.win64_msvc2022_64/6.10.1-0-202511161843qttranslations-Windows-Windows_11_24H2-MSVC2022-Windows-Windows_11_24H2-X86_64.7z
2026-03-25 23:47:43,816 - aqt.installer - INFO - installer 24640 Finished installation of qttranslations-Windows-Windows_11_24H2-MSVC2022-Windows-Windows_11_24H2-X86_64.7z in 2.89885070
2026-03-25 23:47:43,827 - aqt.helper - INFO - helper 24640 Downloading d3dcompiler_47...
2026-03-25 23:47:43,827 - aqt.installer - DEBUG - installer 24640 Download URL: https://mirrors.ocf.berkeley.edu/qt/online/qtsdkrepository/windows_x86/desktop/qt6_6101/qt6_6101/qt.qt6.6101.win64_msvc2022_64/6.10.1-0-202511161843d3dcompiler_47-x64.7z
2026-03-25 23:47:44,921 - aqt.installer - INFO - installer 8792 Finished installation of qttools-Windows-Windows_11_24H2-MSVC2022-Windows-Windows_11_24H2-X86_64.7z in 6.03714200
2026-03-25 23:47:44,931 - aqt.helper - INFO - helper 8792 Downloading opengl32sw...
2026-03-25 23:47:44,931 - aqt.installer - DEBUG - installer 8792 Download URL: https://mirrors.ocf.berkeley.edu/qt/online/qtsdkrepository/windows_x86/desktop/qt6_6101/qt6_6101/qt.qt6.6101.win64_msvc2022_64/6.10.1-0-202511161843opengl32sw-64-mesa_11_2_2-signed_sha256.7z
2026-03-25 23:47:46,328 - aqt.installer - INFO - installer 24640 Finished installation of d3dcompiler_47-x64.7z in 2.50305060
2026-03-25 23:47:48,148 - aqt.installer - INFO - installer 8792 Finished installation of opengl32sw-64-mesa_11_2_2-signed_sha256.7z in 3.21846700
2026-03-25 23:47:48,768 - aqt.installer - INFO - installer 2860 Finished installation of qtbase-Windows-Windows_11_24H2-MSVC2022-Windows-Windows_11_24H2-X86_64.7z in 10.45071060
2026-03-25 23:48:05,148 - aqt.installer - INFO - installer 29780 Finished installation of qtdeclarative-Windows-Windows_11_24H2-MSVC2022-Windows-Windows_11_24H2-X86_64.7z in 26.65559300
2026-03-25 23:48:05,273 - aqt.updater - INFO - updater 41116 Patching C:\Qt\6.10.1\msvc2022_64\bin\qmake.exe
2026-03-25 23:48:05,276 - aqt.updater - INFO - updater 41116 Patching C:\Qt\6.10.1\msvc2022_64\lib\Qt6Concurrent.prl
2026-03-25 23:48:05,277 - aqt.updater - INFO - updater 41116 Patching C:\Qt\6.10.1\msvc2022_64\lib\Qt6Concurrentd.prl
2026-03-25 23:48:05,277 - aqt.updater - INFO - updater 41116 Patching C:\Qt\6.10.1\msvc2022_64\lib\Qt6Core.prl
2026-03-25 23:48:05,278 - aqt.updater - INFO - updater 41116 Patching C:\Qt\6.10.1\msvc2022_64\lib\Qt6Core5Compat.prl
2026-03-25 23:48:05,278 - aqt.updater - INFO - updater 41116 Patching C:\Qt\6.10.1\msvc2022_64\lib\Qt6Core5Compatd.prl
2026-03-25 23:48:05,278 - aqt.updater - INFO - updater 41116 Patching C:\Qt\6.10.1\msvc2022_64\lib\Qt6Cored.prl
2026-03-25 23:48:05,279 - aqt.updater - INFO - updater 41116 Patching C:\Qt\6.10.1\msvc2022_64\lib\Qt6DBus.prl
2026-03-25 23:48:05,279 - aqt.updater - INFO - updater 41116 Patching C:\Qt\6.10.1\msvc2022_64\lib\Qt6DBusd.prl
2026-03-25 23:48:05,280 - aqt.updater - INFO - updater 41116 Patching C:\Qt\6.10.1\msvc2022_64\lib\Qt6Designer.prl
2026-03-25 23:48:05,280 - aqt.updater - INFO - updater 41116 Patching C:\Qt\6.10.1\msvc2022_64\lib\Qt6DesignerComponents.prl
2026-03-25 23:48:05,280 - aqt.updater - INFO - updater 41116 Patching C:\Qt\6.10.1\msvc2022_64\lib\Qt6DesignerComponentsd.prl
2026-03-25 23:48:05,281 - aqt.updater - INFO - updater 41116 Patching C:\Qt\6.10.1\msvc2022_64\lib\Qt6Designerd.prl
2026-03-25 23:48:05,281 - aqt.updater - INFO - updater 41116 Patching C:\Qt\6.10.1\msvc2022_64\lib\Qt6DeviceDiscoverySupport.prl
2026-03-25 23:48:05,282 - aqt.updater - INFO - updater 41116 Patching C:\Qt\6.10.1\msvc2022_64\lib\Qt6DeviceDiscoverySupportd.prl
2026-03-25 23:48:05,282 - aqt.updater - INFO - updater 41116 Patching C:\Qt\6.10.1\msvc2022_64\lib\Qt6EntryPoint.prl
2026-03-25 23:48:05,282 - aqt.updater - INFO - updater 41116 Patching C:\Qt\6.10.1\msvc2022_64\lib\Qt6EntryPointd.prl
2026-03-25 23:48:05,283 - aqt.updater - INFO - updater 41116 Patching C:\Qt\6.10.1\msvc2022_64\lib\Qt6ExampleIcons.prl
2026-03-25 23:48:05,283 - aqt.updater - INFO - updater 41116 Patching C:\Qt\6.10.1\msvc2022_64\lib\Qt6ExampleIconsd.prl
2026-03-25 23:48:05,284 - aqt.updater - INFO - updater 41116 Patching C:\Qt\6.10.1\msvc2022_64\lib\Qt6ExamplesAssetDownloader.prl
2026-03-25 23:48:05,284 - aqt.updater - INFO - updater 41116 Patching C:\Qt\6.10.1\msvc2022_64\lib\Qt6ExamplesAssetDownloaderd.prl
2026-03-25 23:48:05,284 - aqt.updater - INFO - updater 41116 Patching C:\Qt\6.10.1\msvc2022_64\lib\Qt6FbSupport.prl
2026-03-25 23:48:05,285 - aqt.updater - INFO - updater 41116 Patching C:\Qt\6.10.1\msvc2022_64\lib\Qt6FbSupportd.prl
2026-03-25 23:48:05,285 - aqt.updater - INFO - updater 41116 Patching C:\Qt\6.10.1\msvc2022_64\lib\Qt6Gui.prl
2026-03-25 23:48:05,285 - aqt.updater - INFO - updater 41116 Patching C:\Qt\6.10.1\msvc2022_64\lib\Qt6Guid.prl
2026-03-25 23:48:05,286 - aqt.updater - INFO - updater 41116 Patching C:\Qt\6.10.1\msvc2022_64\lib\Qt6Help.prl
2026-03-25 23:48:05,286 - aqt.updater - INFO - updater 41116 Patching C:\Qt\6.10.1\msvc2022_64\lib\Qt6Helpd.prl
2026-03-25 23:48:05,287 - aqt.updater - INFO - updater 41116 Patching C:\Qt\6.10.1\msvc2022_64\lib\Qt6LabsAnimation.prl
2026-03-25 23:48:05,287 - aqt.updater - INFO - updater 41116 Patching C:\Qt\6.10.1\msvc2022_64\lib\Qt6LabsAnimationd.prl
2026-03-25 23:48:05,287 - aqt.updater - INFO - updater 41116 Patching C:\Qt\6.10.1\msvc2022_64\lib\Qt6LabsFolderListModel.prl
2026-03-25 23:48:05,288 - aqt.updater - INFO - updater 41116 Patching C:\Qt\6.10.1\msvc2022_64\lib\Qt6LabsFolderListModeld.prl
2026-03-25 23:48:05,288 - aqt.updater - INFO - updater 41116 Patching C:\Qt\6.10.1\msvc2022_64\lib\Qt6LabsPlatform.prl
2026-03-25 23:48:05,289 - aqt.updater - INFO - updater 41116 Patching C:\Qt\6.10.1\msvc2022_64\lib\Qt6LabsPlatformd.prl
2026-03-25 23:48:05,289 - aqt.updater - INFO - updater 41116 Patching C:\Qt\6.10.1\msvc2022_64\lib\Qt6LabsQmlModels.prl
2026-03-25 23:48:05,289 - aqt.updater - INFO - updater 41116 Patching C:\Qt\6.10.1\msvc2022_64\lib\Qt6LabsQmlModelsd.prl
2026-03-25 23:48:05,290 - aqt.updater - INFO - updater 41116 Patching C:\Qt\6.10.1\msvc2022_64\lib\Qt6LabsSettings.prl
2026-03-25 23:48:05,290 - aqt.updater - INFO - updater 41116 Patching C:\Qt\6.10.1\msvc2022_64\lib\Qt6LabsSettingsd.prl
2026-03-25 23:48:05,290 - aqt.updater - INFO - updater 41116 Patching C:\Qt\6.10.1\msvc2022_64\lib\Qt6LabsSharedImage.prl
2026-03-25 23:48:05,291 - aqt.updater - INFO - updater 41116 Patching C:\Qt\6.10.1\msvc2022_64\lib\Qt6LabsSharedImaged.prl
2026-03-25 23:48:05,291 - aqt.updater - INFO - updater 41116 Patching C:\Qt\6.10.1\msvc2022_64\lib\Qt6LabsSynchronizer.prl
2026-03-25 23:48:05,291 - aqt.updater - INFO - updater 41116 Patching C:\Qt\6.10.1\msvc2022_64\lib\Qt6LabsSynchronizerd.prl
2026-03-25 23:48:05,292 - aqt.updater - INFO - updater 41116 Patching C:\Qt\6.10.1\msvc2022_64\lib\Qt6LabsWavefrontMesh.prl
2026-03-25 23:48:05,292 - aqt.updater - INFO - updater 41116 Patching C:\Qt\6.10.1\msvc2022_64\lib\Qt6LabsWavefrontMeshd.prl
2026-03-25 23:48:05,293 - aqt.updater - INFO - updater 41116 Patching C:\Qt\6.10.1\msvc2022_64\lib\Qt6Network.prl
2026-03-25 23:48:05,293 - aqt.updater - INFO - updater 41116 Patching C:\Qt\6.10.1\msvc2022_64\lib\Qt6Networkd.prl
2026-03-25 23:48:05,293 - aqt.updater - INFO - updater 41116 Patching C:\Qt\6.10.1\msvc2022_64\lib\Qt6OpenGL.prl
2026-03-25 23:48:05,294 - aqt.updater - INFO - updater 41116 Patching C:\Qt\6.10.1\msvc2022_64\lib\Qt6OpenGLd.prl
2026-03-25 23:48:05,294 - aqt.updater - INFO - updater 41116 Patching C:\Qt\6.10.1\msvc2022_64\lib\Qt6OpenGLWidgets.prl
2026-03-25 23:48:05,294 - aqt.updater - INFO - updater 41116 Patching C:\Qt\6.10.1\msvc2022_64\lib\Qt6OpenGLWidgetsd.prl
2026-03-25 23:48:05,295 - aqt.updater - INFO - updater 41116 Patching C:\Qt\6.10.1\msvc2022_64\lib\Qt6PacketProtocol.prl
2026-03-25 23:48:05,295 - aqt.updater - INFO - updater 41116 Patching C:\Qt\6.10.1\msvc2022_64\lib\Qt6PacketProtocold.prl
2026-03-25 23:48:05,296 - aqt.updater - INFO - updater 41116 Patching C:\Qt\6.10.1\msvc2022_64\lib\Qt6PrintSupport.prl
2026-03-25 23:48:05,296 - aqt.updater - INFO - updater 41116 Patching C:\Qt\6.10.1\msvc2022_64\lib\Qt6PrintSupportd.prl
2026-03-25 23:48:05,296 - aqt.updater - INFO - updater 41116 Patching C:\Qt\6.10.1\msvc2022_64\lib\Qt6Qml.prl
2026-03-25 23:48:05,297 - aqt.updater - INFO - updater 41116 Patching C:\Qt\6.10.1\msvc2022_64\lib\Qt6QmlAssetDownloader.prl
2026-03-25 23:48:05,297 - aqt.updater - INFO - updater 41116 Patching C:\Qt\6.10.1\msvc2022_64\lib\Qt6QmlAssetDownloaderd.prl
2026-03-25 23:48:05,297 - aqt.updater - INFO - updater 41116 Patching C:\Qt\6.10.1\msvc2022_64\lib\Qt6QmlCompiler.prl
2026-03-25 23:48:05,298 - aqt.updater - INFO - updater 41116 Patching C:\Qt\6.10.1\msvc2022_64\lib\Qt6QmlCompilerd.prl
2026-03-25 23:48:05,298 - aqt.updater - INFO - updater 41116 Patching C:\Qt\6.10.1\msvc2022_64\lib\Qt6QmlCore.prl
2026-03-25 23:48:05,299 - aqt.updater - INFO - updater 41116 Patching C:\Qt\6.10.1\msvc2022_64\lib\Qt6QmlCored.prl
2026-03-25 23:48:05,299 - aqt.updater - INFO - updater 41116 Patching C:\Qt\6.10.1\msvc2022_64\lib\Qt6Qmld.prl
2026-03-25 23:48:05,299 - aqt.updater - INFO - updater 41116 Patching C:\Qt\6.10.1\msvc2022_64\lib\Qt6QmlDebug.prl
2026-03-25 23:48:05,300 - aqt.updater - INFO - updater 41116 Patching C:\Qt\6.10.1\msvc2022_64\lib\Qt6QmlDebugd.prl
2026-03-25 23:48:05,300 - aqt.updater - INFO - updater 41116 Patching C:\Qt\6.10.1\msvc2022_64\lib\Qt6QmlDom.prl
2026-03-25 23:48:05,301 - aqt.updater - INFO - updater 41116 Patching C:\Qt\6.10.1\msvc2022_64\lib\Qt6QmlDomd.prl
2026-03-25 23:48:05,301 - aqt.updater - INFO - updater 41116 Patching C:\Qt\6.10.1\msvc2022_64\lib\Qt6QmlFormat.prl
2026-03-25 23:48:05,302 - aqt.updater - INFO - updater 41116 Patching C:\Qt\6.10.1\msvc2022_64\lib\Qt6QmlFormatd.prl
2026-03-25 23:48:05,302 - aqt.updater - INFO - updater 41116 Patching C:\Qt\6.10.1\msvc2022_64\lib\Qt6QmlLocalStorage.prl
2026-03-25 23:48:05,302 - aqt.updater - INFO - updater 41116 Patching C:\Qt\6.10.1\msvc2022_64\lib\Qt6QmlLocalStoraged.prl
2026-03-25 23:48:05,303 - aqt.updater - INFO - updater 41116 Patching C:\Qt\6.10.1\msvc2022_64\lib\Qt6QmlLS.prl
2026-03-25 23:48:05,303 - aqt.updater - INFO - updater 41116 Patching C:\Qt\6.10.1\msvc2022_64\lib\Qt6QmlLSd.prl
2026-03-25 23:48:05,304 - aqt.updater - INFO - updater 41116 Patching C:\Qt\6.10.1\msvc2022_64\lib\Qt6QmlMeta.prl
2026-03-25 23:48:05,304 - aqt.updater - INFO - updater 41116 Patching C:\Qt\6.10.1\msvc2022_64\lib\Qt6QmlMetad.prl
2026-03-25 23:48:05,305 - aqt.updater - INFO - updater 41116 Patching C:\Qt\6.10.1\msvc2022_64\lib\Qt6QmlModels.prl
2026-03-25 23:48:05,305 - aqt.updater - INFO - updater 41116 Patching C:\Qt\6.10.1\msvc2022_64\lib\Qt6QmlModelsd.prl
2026-03-25 23:48:05,305 - aqt.updater - INFO - updater 41116 Patching C:\Qt\6.10.1\msvc2022_64\lib\Qt6QmlNetwork.prl
2026-03-25 23:48:05,306 - aqt.updater - INFO - updater 41116 Patching C:\Qt\6.10.1\msvc2022_64\lib\Qt6QmlNetworkd.prl
2026-03-25 23:48:05,306 - aqt.updater - INFO - updater 41116 Patching C:\Qt\6.10.1\msvc2022_64\lib\Qt6QmlToolingSettings.prl
2026-03-25 23:48:05,307 - aqt.updater - INFO - updater 41116 Patching C:\Qt\6.10.1\msvc2022_64\lib\Qt6QmlToolingSettingsd.prl
2026-03-25 23:48:05,307 - aqt.updater - INFO - updater 41116 Patching C:\Qt\6.10.1\msvc2022_64\lib\Qt6QmlTypeRegistrar.prl
2026-03-25 23:48:05,308 - aqt.updater - INFO - updater 41116 Patching C:\Qt\6.10.1\msvc2022_64\lib\Qt6QmlTypeRegistrard.prl
2026-03-25 23:48:05,308 - aqt.updater - INFO - updater 41116 Patching C:\Qt\6.10.1\msvc2022_64\lib\Qt6QmlWorkerScript.prl
2026-03-25 23:48:05,309 - aqt.updater - INFO - updater 41116 Patching C:\Qt\6.10.1\msvc2022_64\lib\Qt6QmlWorkerScriptd.prl
2026-03-25 23:48:05,309 - aqt.updater - INFO - updater 41116 Patching C:\Qt\6.10.1\msvc2022_64\lib\Qt6QmlXmlListModel.prl
2026-03-25 23:48:05,309 - aqt.updater - INFO - updater 41116 Patching C:\Qt\6.10.1\msvc2022_64\lib\Qt6QmlXmlListModeld.prl
2026-03-25 23:48:05,310 - aqt.updater - INFO - updater 41116 Patching C:\Qt\6.10.1\msvc2022_64\lib\Qt6Quick.prl
2026-03-25 23:48:05,310 - aqt.updater - INFO - updater 41116 Patching C:\Qt\6.10.1\msvc2022_64\lib\Qt6QuickControls2.prl
2026-03-25 23:48:05,311 - aqt.updater - INFO - updater 41116 Patching C:\Qt\6.10.1\msvc2022_64\lib\Qt6QuickControls2Basic.prl
2026-03-25 23:48:05,311 - aqt.updater - INFO - updater 41116 Patching C:\Qt\6.10.1\msvc2022_64\lib\Qt6QuickControls2Basicd.prl
2026-03-25 23:48:05,312 - aqt.updater - INFO - updater 41116 Patching C:\Qt\6.10.1\msvc2022_64\lib\Qt6QuickControls2BasicStyleImpl.prl
2026-03-25 23:48:05,312 - aqt.updater - INFO - updater 41116 Patching C:\Qt\6.10.1\msvc2022_64\lib\Qt6QuickControls2BasicStyleImpld.prl
2026-03-25 23:48:05,313 - aqt.updater - INFO - updater 41116 Patching C:\Qt\6.10.1\msvc2022_64\lib\Qt6QuickControls2d.prl
2026-03-25 23:48:05,313 - aqt.updater - INFO - updater 41116 Patching C:\Qt\6.10.1\msvc2022_64\lib\Qt6QuickControls2FluentWinUI3StyleImpl.prl
2026-03-25 23:48:05,314 - aqt.updater - INFO - updater 41116 Patching C:\Qt\6.10.1\msvc2022_64\lib\Qt6QuickControls2FluentWinUI3StyleImpld.prl
2026-03-25 23:48:05,314 - aqt.updater - INFO - updater 41116 Patching C:\Qt\6.10.1\msvc2022_64\lib\Qt6QuickControls2Fusion.prl
2026-03-25 23:48:05,315 - aqt.updater - INFO - updater 41116 Patching C:\Qt\6.10.1\msvc2022_64\lib\Qt6QuickControls2Fusiond.prl
2026-03-25 23:48:05,315 - aqt.updater - INFO - updater 41116 Patching C:\Qt\6.10.1\msvc2022_64\lib\Qt6QuickControls2FusionStyleImpl.prl
2026-03-25 23:48:05,315 - aqt.updater - INFO - updater 41116 Patching C:\Qt\6.10.1\msvc2022_64\lib\Qt6QuickControls2FusionStyleImpld.prl
2026-03-25 23:48:05,316 - aqt.updater - INFO - updater 41116 Patching C:\Qt\6.10.1\msvc2022_64\lib\Qt6QuickControls2Imagine.prl
2026-03-25 23:48:05,316 - aqt.updater - INFO - updater 41116 Patching C:\Qt\6.10.1\msvc2022_64\lib\Qt6QuickControls2Imagined.prl
2026-03-25 23:48:05,317 - aqt.updater - INFO - updater 41116 Patching C:\Qt\6.10.1\msvc2022_64\lib\Qt6QuickControls2ImagineStyleImpl.prl
2026-03-25 23:48:05,317 - aqt.updater - INFO - updater 41116 Patching C:\Qt\6.10.1\msvc2022_64\lib\Qt6QuickControls2ImagineStyleImpld.prl
2026-03-25 23:48:05,318 - aqt.updater - INFO - updater 41116 Patching C:\Qt\6.10.1\msvc2022_64\lib\Qt6QuickControls2Impl.prl
2026-03-25 23:48:05,318 - aqt.updater - INFO - updater 41116 Patching C:\Qt\6.10.1\msvc2022_64\lib\Qt6QuickControls2Impld.prl
2026-03-25 23:48:05,318 - aqt.updater - INFO - updater 41116 Patching C:\Qt\6.10.1\msvc2022_64\lib\Qt6QuickControls2Material.prl
2026-03-25 23:48:05,319 - aqt.updater - INFO - updater 41116 Patching C:\Qt\6.10.1\msvc2022_64\lib\Qt6QuickControls2Materiald.prl
2026-03-25 23:48:05,319 - aqt.updater - INFO - updater 41116 Patching C:\Qt\6.10.1\msvc2022_64\lib\Qt6QuickControls2MaterialStyleImpl.prl
2026-03-25 23:48:05,320 - aqt.updater - INFO - updater 41116 Patching C:\Qt\6.10.1\msvc2022_64\lib\Qt6QuickControls2MaterialStyleImpld.prl
2026-03-25 23:48:05,320 - aqt.updater - INFO - updater 41116 Patching C:\Qt\6.10.1\msvc2022_64\lib\Qt6QuickControls2Universal.prl
2026-03-25 23:48:05,321 - aqt.updater - INFO - updater 41116 Patching C:\Qt\6.10.1\msvc2022_64\lib\Qt6QuickControls2Universald.prl
2026-03-25 23:48:05,321 - aqt.updater - INFO - updater 41116 Patching C:\Qt\6.10.1\msvc2022_64\lib\Qt6QuickControls2UniversalStyleImpl.prl
2026-03-25 23:48:05,321 - aqt.updater - INFO - updater 41116 Patching C:\Qt\6.10.1\msvc2022_64\lib\Qt6QuickControls2UniversalStyleImpld.prl
2026-03-25 23:48:05,322 - aqt.updater - INFO - updater 41116 Patching C:\Qt\6.10.1\msvc2022_64\lib\Qt6QuickControls2WindowsStyleImpl.prl
2026-03-25 23:48:05,322 - aqt.updater - INFO - updater 41116 Patching C:\Qt\6.10.1\msvc2022_64\lib\Qt6QuickControls2WindowsStyleImpld.prl
2026-03-25 23:48:05,323 - aqt.updater - INFO - updater 41116 Patching C:\Qt\6.10.1\msvc2022_64\lib\Qt6QuickControlsTestUtils.prl
2026-03-25 23:48:05,323 - aqt.updater - INFO - updater 41116 Patching C:\Qt\6.10.1\msvc2022_64\lib\Qt6QuickControlsTestUtilsd.prl
2026-03-25 23:48:05,323 - aqt.updater - INFO - updater 41116 Patching C:\Qt\6.10.1\msvc2022_64\lib\Qt6Quickd.prl
2026-03-25 23:48:05,324 - aqt.updater - INFO - updater 41116 Patching C:\Qt\6.10.1\msvc2022_64\lib\Qt6QuickDialogs2.prl
2026-03-25 23:48:05,324 - aqt.updater - INFO - updater 41116 Patching C:\Qt\6.10.1\msvc2022_64\lib\Qt6QuickDialogs2d.prl
2026-03-25 23:48:05,325 - aqt.updater - INFO - updater 41116 Patching C:\Qt\6.10.1\msvc2022_64\lib\Qt6QuickDialogs2QuickImpl.prl
2026-03-25 23:48:05,325 - aqt.updater - INFO - updater 41116 Patching C:\Qt\6.10.1\msvc2022_64\lib\Qt6QuickDialogs2QuickImpld.prl
2026-03-25 23:48:05,325 - aqt.updater - INFO - updater 41116 Patching C:\Qt\6.10.1\msvc2022_64\lib\Qt6QuickDialogs2Utils.prl
2026-03-25 23:48:05,326 - aqt.updater - INFO - updater 41116 Patching C:\Qt\6.10.1\msvc2022_64\lib\Qt6QuickDialogs2Utilsd.prl
2026-03-25 23:48:05,326 - aqt.updater - INFO - updater 41116 Patching C:\Qt\6.10.1\msvc2022_64\lib\Qt6QuickEffects.prl
2026-03-25 23:48:05,327 - aqt.updater - INFO - updater 41116 Patching C:\Qt\6.10.1\msvc2022_64\lib\Qt6QuickEffectsd.prl
2026-03-25 23:48:05,327 - aqt.updater - INFO - updater 41116 Patching C:\Qt\6.10.1\msvc2022_64\lib\Qt6QuickLayouts.prl
2026-03-25 23:48:05,327 - aqt.updater - INFO - updater 41116 Patching C:\Qt\6.10.1\msvc2022_64\lib\Qt6QuickLayoutsd.prl
2026-03-25 23:48:05,328 - aqt.updater - INFO - updater 41116 Patching C:\Qt\6.10.1\msvc2022_64\lib\Qt6QuickParticles.prl
2026-03-25 23:48:05,328 - aqt.updater - INFO - updater 41116 Patching C:\Qt\6.10.1\msvc2022_64\lib\Qt6QuickParticlesd.prl
2026-03-25 23:48:05,329 - aqt.updater - INFO - updater 41116 Patching C:\Qt\6.10.1\msvc2022_64\lib\Qt6QuickShapes.prl
2026-03-25 23:48:05,329 - aqt.updater - INFO - updater 41116 Patching C:\Qt\6.10.1\msvc2022_64\lib\Qt6QuickShapesd.prl
2026-03-25 23:48:05,329 - aqt.updater - INFO - updater 41116 Patching C:\Qt\6.10.1\msvc2022_64\lib\Qt6QuickShapesDesignHelpers.prl
2026-03-25 23:48:05,330 - aqt.updater - INFO - updater 41116 Patching C:\Qt\6.10.1\msvc2022_64\lib\Qt6QuickShapesDesignHelpersd.prl
2026-03-25 23:48:05,330 - aqt.updater - INFO - updater 41116 Patching C:\Qt\6.10.1\msvc2022_64\lib\Qt6QuickTemplates2.prl
2026-03-25 23:48:05,331 - aqt.updater - INFO - updater 41116 Patching C:\Qt\6.10.1\msvc2022_64\lib\Qt6QuickTemplates2d.prl
2026-03-25 23:48:05,331 - aqt.updater - INFO - updater 41116 Patching C:\Qt\6.10.1\msvc2022_64\lib\Qt6QuickTest.prl
2026-03-25 23:48:05,332 - aqt.updater - INFO - updater 41116 Patching C:\Qt\6.10.1\msvc2022_64\lib\Qt6QuickTestd.prl
2026-03-25 23:48:05,332 - aqt.updater - INFO - updater 41116 Patching C:\Qt\6.10.1\msvc2022_64\lib\Qt6QuickTestUtils.prl
2026-03-25 23:48:05,333 - aqt.updater - INFO - updater 41116 Patching C:\Qt\6.10.1\msvc2022_64\lib\Qt6QuickTestUtilsd.prl
2026-03-25 23:48:05,333 - aqt.updater - INFO - updater 41116 Patching C:\Qt\6.10.1\msvc2022_64\lib\Qt6QuickVectorImage.prl
2026-03-25 23:48:05,334 - aqt.updater - INFO - updater 41116 Patching C:\Qt\6.10.1\msvc2022_64\lib\Qt6QuickVectorImaged.prl
2026-03-25 23:48:05,334 - aqt.updater - INFO - updater 41116 Patching C:\Qt\6.10.1\msvc2022_64\lib\Qt6QuickVectorImageGenerator.prl
2026-03-25 23:48:05,334 - aqt.updater - INFO - updater 41116 Patching C:\Qt\6.10.1\msvc2022_64\lib\Qt6QuickVectorImageGeneratord.prl
2026-03-25 23:48:05,335 - aqt.updater - INFO - updater 41116 Patching C:\Qt\6.10.1\msvc2022_64\lib\Qt6QuickVectorImageHelpers.prl
2026-03-25 23:48:05,335 - aqt.updater - INFO - updater 41116 Patching C:\Qt\6.10.1\msvc2022_64\lib\Qt6QuickVectorImageHelpersd.prl
2026-03-25 23:48:05,336 - aqt.updater - INFO - updater 41116 Patching C:\Qt\6.10.1\msvc2022_64\lib\Qt6QuickWidgets.prl
2026-03-25 23:48:05,336 - aqt.updater - INFO - updater 41116 Patching C:\Qt\6.10.1\msvc2022_64\lib\Qt6QuickWidgetsd.prl
2026-03-25 23:48:05,336 - aqt.updater - INFO - updater 41116 Patching C:\Qt\6.10.1\msvc2022_64\lib\Qt6RemoteObjects.prl
2026-03-25 23:48:05,337 - aqt.updater - INFO - updater 41116 Patching C:\Qt\6.10.1\msvc2022_64\lib\Qt6RemoteObjectsd.prl
2026-03-25 23:48:05,337 - aqt.updater - INFO - updater 41116 Patching C:\Qt\6.10.1\msvc2022_64\lib\Qt6RemoteObjectsQml.prl
2026-03-25 23:48:05,338 - aqt.updater - INFO - updater 41116 Patching C:\Qt\6.10.1\msvc2022_64\lib\Qt6RemoteObjectsQmld.prl
2026-03-25 23:48:05,338 - aqt.updater - INFO - updater 41116 Patching C:\Qt\6.10.1\msvc2022_64\lib\Qt6ShaderTools.prl
2026-03-25 23:48:05,338 - aqt.updater - INFO - updater 41116 Patching C:\Qt\6.10.1\msvc2022_64\lib\Qt6ShaderToolsd.prl
2026-03-25 23:48:05,339 - aqt.updater - INFO - updater 41116 Patching C:\Qt\6.10.1\msvc2022_64\lib\Qt6Sql.prl
2026-03-25 23:48:05,339 - aqt.updater - INFO - updater 41116 Patching C:\Qt\6.10.1\msvc2022_64\lib\Qt6Sqld.prl
2026-03-25 23:48:05,340 - aqt.updater - INFO - updater 41116 Patching C:\Qt\6.10.1\msvc2022_64\lib\Qt6Svg.prl
2026-03-25 23:48:05,340 - aqt.updater - INFO - updater 41116 Patching C:\Qt\6.10.1\msvc2022_64\lib\Qt6Svgd.prl
2026-03-25 23:48:05,340 - aqt.updater - INFO - updater 41116 Patching C:\Qt\6.10.1\msvc2022_64\lib\Qt6SvgWidgets.prl
2026-03-25 23:48:05,341 - aqt.updater - INFO - updater 41116 Patching C:\Qt\6.10.1\msvc2022_64\lib\Qt6SvgWidgetsd.prl
2026-03-25 23:48:05,341 - aqt.updater - INFO - updater 41116 Patching C:\Qt\6.10.1\msvc2022_64\lib\Qt6Test.prl
2026-03-25 23:48:05,342 - aqt.updater - INFO - updater 41116 Patching C:\Qt\6.10.1\msvc2022_64\lib\Qt6Testd.prl
2026-03-25 23:48:05,342 - aqt.updater - INFO - updater 41116 Patching C:\Qt\6.10.1\msvc2022_64\lib\Qt6UiTools.prl
2026-03-25 23:48:05,342 - aqt.updater - INFO - updater 41116 Patching C:\Qt\6.10.1\msvc2022_64\lib\Qt6UiToolsd.prl
2026-03-25 23:48:05,343 - aqt.updater - INFO - updater 41116 Patching C:\Qt\6.10.1\msvc2022_64\lib\Qt6Widgets.prl
2026-03-25 23:48:05,343 - aqt.updater - INFO - updater 41116 Patching C:\Qt\6.10.1\msvc2022_64\lib\Qt6Widgetsd.prl
2026-03-25 23:48:05,344 - aqt.updater - INFO - updater 41116 Patching C:\Qt\6.10.1\msvc2022_64\lib\Qt6Xml.prl
2026-03-25 23:48:05,344 - aqt.updater - INFO - updater 41116 Patching C:\Qt\6.10.1\msvc2022_64\lib\Qt6Xmld.prl
2026-03-25 23:48:05,345 - aqt.main - INFO - installer 41116 Finished installation
2026-03-25 23:48:05,345 - aqt.main - INFO - installer 41116 Time elapsed: 33.53001990 second
2026-03-25 23:48:14,932 - aqt.main - INFO - installer 27260 aqtinstall(aqt) v3.3.0 on Python 3.13.12 [CPython MSC v.1944 64 bit (AMD64)]
2026-03-25 23:48:16,719 - aqt.main - WARNING - installer 27260 You are installing the android version of Qt, which requires that the desktop version of Qt is also installed. You can install it with the following command:
          `aqt install-qt windows desktop 6.10.1 win64_mingw`
2026-03-25 23:48:20,145 - aqt.helper - INFO - helper 31440 Downloading qt5compat...
2026-03-25 23:48:20,145 - aqt.helper - INFO - helper 5044 Downloading qtimageformats...
2026-03-25 23:48:20,147 - aqt.helper - INFO - helper 42944 Downloading qtremoteobjects...
2026-03-25 23:48:20,147 - aqt.helper - INFO - helper 35684 Downloading qtshadertools...
2026-03-25 23:48:20,145 - aqt.installer - DEBUG - installer 31440 Download URL: https://mirrors.ocf.berkeley.edu/qt/online/qtsdkrepository/all_os/android/qt6_6101/qt6_6101_arm64_v8a/qt.qt6.6101.addons.qt5compat.android_arm64_v8a/6.10.1-0-202511161843qt5compat-MacOS-MacOS_14-Clang-Android-Android_ANY-ARM64.7z
2026-03-25 23:48:20,146 - aqt.installer - DEBUG - installer 5044 Download URL: https://mirrors.ocf.berkeley.edu/qt/online/qtsdkrepository/all_os/android/qt6_6101/qt6_6101_arm64_v8a/qt.qt6.6101.addons.qtimageformats.android_arm64_v8a/6.10.1-0-202511161843qtimageformats-MacOS-MacOS_14-Clang-Android-Android_ANY-ARM64.7z
2026-03-25 23:48:20,147 - aqt.installer - DEBUG - installer 42944 Download URL: https://mirrors.ocf.berkeley.edu/qt/online/qtsdkrepository/all_os/android/qt6_6101/qt6_6101_arm64_v8a/qt.qt6.6101.addons.qtremoteobjects.android_arm64_v8a/6.10.1-0-202511161843qtremoteobjects-MacOS-MacOS_14-Clang-Android-Android_ANY-ARM64.7z
2026-03-25 23:48:20,147 - aqt.installer - DEBUG - installer 35684 Download URL: https://mirrors.ocf.berkeley.edu/qt/online/qtsdkrepository/all_os/android/qt6_6101/qt6_6101_arm64_v8a/qt.qt6.6101.addons.qtshadertools.android_arm64_v8a/6.10.1-0-202511161843qtshadertools-MacOS-MacOS_14-Clang-Android-Android_ANY-ARM64.7z
2026-03-25 23:48:22,349 - aqt.installer - INFO - installer 5044 Finished installation of qtimageformats-MacOS-MacOS_14-Clang-Android-Android_ANY-ARM64.7z in 2.20523780
2026-03-25 23:48:22,357 - aqt.helper - INFO - helper 5044 Downloading qtbase...
2026-03-25 23:48:22,358 - aqt.installer - DEBUG - installer 5044 Download URL: https://mirrors.ocf.berkeley.edu/qt/online/qtsdkrepository/all_os/android/qt6_6101/qt6_6101_arm64_v8a/qt.qt6.6101.android_arm64_v8a/6.10.1-0-202511161843qtbase-MacOS-MacOS_14-Clang-Android-Android_ANY-ARM64.7z
2026-03-25 23:48:22,443 - aqt.installer - INFO - installer 42944 Finished installation of qtremoteobjects-MacOS-MacOS_14-Clang-Android-Android_ANY-ARM64.7z in 2.29786840
2026-03-25 23:48:22,452 - aqt.helper - INFO - helper 42944 Downloading qtsvg...
2026-03-25 23:48:22,452 - aqt.installer - DEBUG - installer 42944 Download URL: https://mirrors.ocf.berkeley.edu/qt/online/qtsdkrepository/all_os/android/qt6_6101/qt6_6101_arm64_v8a/qt.qt6.6101.android_arm64_v8a/6.10.1-0-202511161843qtsvg-MacOS-MacOS_14-Clang-Android-Android_ANY-ARM64.7z
2026-03-25 23:48:22,779 - aqt.installer - INFO - installer 31440 Finished installation of qt5compat-MacOS-MacOS_14-Clang-Android-Android_ANY-ARM64.7z in 2.63518440
2026-03-25 23:48:22,787 - aqt.helper - INFO - helper 31440 Downloading qtdeclarative...
2026-03-25 23:48:22,787 - aqt.installer - DEBUG - installer 31440 Download URL: https://mirrors.ocf.berkeley.edu/qt/online/qtsdkrepository/all_os/android/qt6_6101/qt6_6101_arm64_v8a/qt.qt6.6101.android_arm64_v8a/6.10.1-0-202511161843qtdeclarative-MacOS-MacOS_14-Clang-Android-Android_ANY-ARM64.7z
2026-03-25 23:48:22,794 - aqt.installer - INFO - installer 35684 Finished installation of qtshadertools-MacOS-MacOS_14-Clang-Android-Android_ANY-ARM64.7z in 2.64910470
2026-03-25 23:48:22,801 - aqt.helper - INFO - helper 35684 Downloading qttools...
2026-03-25 23:48:22,801 - aqt.installer - DEBUG - installer 35684 Download URL: https://mirrors.ocf.berkeley.edu/qt/online/qtsdkrepository/all_os/android/qt6_6101/qt6_6101_arm64_v8a/qt.qt6.6101.android_arm64_v8a/6.10.1-0-202511161843qttools-MacOS-MacOS_14-Clang-Android-Android_ANY-ARM64.7z
2026-03-25 23:48:24,289 - aqt.installer - INFO - installer 42944 Finished installation of qtsvg-MacOS-MacOS_14-Clang-Android-Android_ANY-ARM64.7z in 1.83769010
2026-03-25 23:48:24,297 - aqt.helper - INFO - helper 42944 Downloading qttranslations...
2026-03-25 23:48:24,297 - aqt.installer - DEBUG - installer 42944 Download URL: https://mirrors.ocf.berkeley.edu/qt/online/qtsdkrepository/all_os/android/qt6_6101/qt6_6101_arm64_v8a/qt.qt6.6101.android_arm64_v8a/6.10.1-0-202511161843qttranslations-MacOS-MacOS_14-Clang-Android-Android_ANY-ARM64.7z
2026-03-25 23:48:26,089 - aqt.installer - INFO - installer 35684 Finished installation of qttools-MacOS-MacOS_14-Clang-Android-Android_ANY-ARM64.7z in 3.28945530
2026-03-25 23:48:27,083 - aqt.installer - INFO - installer 42944 Finished installation of qttranslations-MacOS-MacOS_14-Clang-Android-Android_ANY-ARM64.7z in 2.78764930
2026-03-25 23:48:29,081 - aqt.installer - INFO - installer 5044 Finished installation of qtbase-MacOS-MacOS_14-Clang-Android-Android_ANY-ARM64.7z in 6.72483130
2026-03-25 23:48:31,443 - aqt.installer - INFO - installer 31440 Finished installation of qtdeclarative-MacOS-MacOS_14-Clang-Android-Android_ANY-ARM64.7z in 8.65752120
2026-03-25 23:48:31,501 - aqt.updater - INFO - updater 27260 Patching C:\Qt\6.10.1\android_arm64_v8a\bin\qmake.bat
2026-03-25 23:48:31,502 - aqt.updater - INFO - updater 27260 Patching C:\Qt\6.10.1\android_arm64_v8a\bin\qtpaths.bat
2026-03-25 23:48:31,504 - aqt.updater - INFO - updater 27260 Patching C:\Qt\6.10.1\android_arm64_v8a\bin\qmake6.bat
2026-03-25 23:48:31,505 - aqt.updater - INFO - updater 27260 Patching C:\Qt\6.10.1\android_arm64_v8a\bin\qtpaths6.bat
2026-03-25 23:48:31,506 - aqt.updater - INFO - updater 27260 Patching C:\Qt\6.10.1\android_arm64_v8a\bin\target_qt.conf
2026-03-25 23:48:31,509 - aqt.main - INFO - installer 27260 Finished installation
2026-03-25 23:48:31,509 - aqt.main - INFO - installer 27260 Time elapsed: 16.57710920 second
2026-03-25 23:49:51,767 - aqt.main - INFO - installer 20388 aqtinstall(aqt) v3.3.0 on Python 3.13.12 [CPython MSC v.1944 64 bit (AMD64)]
2026-03-25 23:49:56,555 - aqt.archives - INFO - archives 20388 Found extension qtpdf
2026-03-25 23:49:56,883 - aqt.helper - INFO - helper 22716 Downloading qt5compat...
2026-03-25 23:49:56,883 - aqt.installer - DEBUG - installer 22716 Download URL: https://mirrors.ocf.berkeley.edu/qt/online/qtsdkrepository/windows_x86/desktop/qt6_6101/qt6_6101/qt.qt6.6101.addons.qt5compat.win64_mingw/6.10.1-0-202511161843qt5compat-Windows-Windows_11_24H2-Mingw-Windows-Windows_11_24H2-X86_64.7z
2026-03-25 23:49:56,887 - aqt.helper - INFO - helper 45096 Downloading qtimageformats...
2026-03-25 23:49:56,888 - aqt.installer - DEBUG - installer 45096 Download URL: https://mirrors.ocf.berkeley.edu/qt/online/qtsdkrepository/windows_x86/desktop/qt6_6101/qt6_6101/qt.qt6.6101.addons.qtimageformats.win64_mingw/6.10.1-0-202511161843qtimageformats-Windows-Windows_11_24H2-Mingw-Windows-Windows_11_24H2-X86_64.7z
2026-03-25 23:49:56,890 - aqt.helper - INFO - helper 34964 Downloading qtremoteobjects...
2026-03-25 23:49:56,890 - aqt.helper - INFO - helper 23280 Downloading qtshadertools...
2026-03-25 23:49:56,890 - aqt.installer - DEBUG - installer 34964 Download URL: https://mirrors.ocf.berkeley.edu/qt/online/qtsdkrepository/windows_x86/desktop/qt6_6101/qt6_6101/qt.qt6.6101.addons.qtremoteobjects.win64_mingw/6.10.1-0-202511161843qtremoteobjects-Windows-Windows_11_24H2-Mingw-Windows-Windows_11_24H2-X86_64.7z
2026-03-25 23:49:56,890 - aqt.installer - DEBUG - installer 23280 Download URL: https://mirrors.ocf.berkeley.edu/qt/online/qtsdkrepository/windows_x86/desktop/qt6_6101/qt6_6101/qt.qt6.6101.addons.qtshadertools.win64_mingw/6.10.1-0-202511161843qtshadertools-Windows-Windows_11_24H2-Mingw-Windows-Windows_11_24H2-X86_64.7z
2026-03-25 23:49:59,117 - aqt.installer - INFO - installer 45096 Finished installation of qtimageformats-Windows-Windows_11_24H2-Mingw-Windows-Windows_11_24H2-X86_64.7z in 2.23095520
2026-03-25 23:49:59,124 - aqt.helper - INFO - helper 45096 Downloading qtbase...
2026-03-25 23:49:59,124 - aqt.installer - DEBUG - installer 45096 Download URL: https://mirrors.ocf.berkeley.edu/qt/online/qtsdkrepository/windows_x86/desktop/qt6_6101/qt6_6101/qt.qt6.6101.win64_mingw/6.10.1-0-202511161843qtbase-Windows-Windows_11_24H2-Mingw-Windows-Windows_11_24H2-X86_64.7z
2026-03-25 23:49:59,362 - aqt.installer - INFO - installer 34964 Finished installation of qtremoteobjects-Windows-Windows_11_24H2-Mingw-Windows-Windows_11_24H2-X86_64.7z in 2.47336020
2026-03-25 23:49:59,373 - aqt.helper - INFO - helper 34964 Downloading qtsvg...
2026-03-25 23:49:59,373 - aqt.installer - DEBUG - installer 34964 Download URL: https://mirrors.ocf.berkeley.edu/qt/online/qtsdkrepository/windows_x86/desktop/qt6_6101/qt6_6101/qt.qt6.6101.win64_mingw/6.10.1-0-202511161843qtsvg-Windows-Windows_11_24H2-Mingw-Windows-Windows_11_24H2-X86_64.7z
2026-03-25 23:49:59,540 - aqt.installer - INFO - installer 22716 Finished installation of qt5compat-Windows-Windows_11_24H2-Mingw-Windows-Windows_11_24H2-X86_64.7z in 2.65784280
2026-03-25 23:49:59,548 - aqt.helper - INFO - helper 22716 Downloading qtdeclarative...
2026-03-25 23:49:59,548 - aqt.installer - DEBUG - installer 22716 Download URL: https://mirrors.ocf.berkeley.edu/qt/online/qtsdkrepository/windows_x86/desktop/qt6_6101/qt6_6101/qt.qt6.6101.win64_mingw/6.10.1-0-202511161843qtdeclarative-Windows-Windows_11_24H2-Mingw-Windows-Windows_11_24H2-X86_64.7z
2026-03-25 23:49:59,657 - aqt.installer - INFO - installer 23280 Finished installation of qtshadertools-Windows-Windows_11_24H2-Mingw-Windows-Windows_11_24H2-X86_64.7z in 2.76773750
2026-03-25 23:49:59,666 - aqt.helper - INFO - helper 23280 Downloading qttools...
2026-03-25 23:49:59,666 - aqt.installer - DEBUG - installer 23280 Download URL: https://mirrors.ocf.berkeley.edu/qt/online/qtsdkrepository/windows_x86/desktop/qt6_6101/qt6_6101/qt.qt6.6101.win64_mingw/6.10.1-0-202511161843qttools-Windows-Windows_11_24H2-Mingw-Windows-Windows_11_24H2-X86_64.7z
2026-03-25 23:50:01,477 - aqt.installer - INFO - installer 34964 Finished installation of qtsvg-Windows-Windows_11_24H2-Mingw-Windows-Windows_11_24H2-X86_64.7z in 2.10582890
2026-03-25 23:50:01,484 - aqt.helper - INFO - helper 34964 Downloading qttranslations...
2026-03-25 23:50:01,484 - aqt.installer - DEBUG - installer 34964 Download URL: https://mirrors.ocf.berkeley.edu/qt/online/qtsdkrepository/windows_x86/desktop/qt6_6101/qt6_6101/qt.qt6.6101.win64_mingw/6.10.1-0-202511161843qttranslations-Windows-Windows_11_24H2-Mingw-Windows-Windows_11_24H2-X86_64.7z
2026-03-25 23:50:04,380 - aqt.installer - INFO - installer 34964 Finished installation of qttranslations-Windows-Windows_11_24H2-Mingw-Windows-Windows_11_24H2-X86_64.7z in 2.89687820
2026-03-25 23:50:04,391 - aqt.helper - INFO - helper 34964 Downloading MinGW...
2026-03-25 23:50:04,391 - aqt.installer - DEBUG - installer 34964 Download URL: https://mirrors.ocf.berkeley.edu/qt/online/qtsdkrepository/windows_x86/desktop/qt6_6101/qt6_6101/qt.qt6.6101.win64_mingw/6.10.1-0-202511161843MinGW-w64-x86_64-13.1.0-release-posix-seh-msvcrt-rt_v11-rev1-runtime.7z
2026-03-25 23:50:05,628 - aqt.installer - INFO - installer 23280 Finished installation of qttools-Windows-Windows_11_24H2-Mingw-Windows-Windows_11_24H2-X86_64.7z in 5.96381180
2026-03-25 23:50:05,641 - aqt.helper - INFO - helper 23280 Downloading d3dcompiler_47...
2026-03-25 23:50:05,641 - aqt.installer - DEBUG - installer 23280 Download URL: https://mirrors.ocf.berkeley.edu/qt/online/qtsdkrepository/windows_x86/desktop/qt6_6101/qt6_6101/qt.qt6.6101.win64_mingw/6.10.1-0-202511161843d3dcompiler_47-x64.7z
2026-03-25 23:50:06,609 - aqt.installer - INFO - installer 34964 Finished installation of MinGW-w64-x86_64-13.1.0-release-posix-seh-msvcrt-rt_v11-rev1-runtime.7z in 2.21981870
2026-03-25 23:50:06,902 - aqt.helper - INFO - helper 31036 Downloading opengl32sw...
2026-03-25 23:50:06,902 - aqt.installer - DEBUG - installer 31036 Download URL: https://mirrors.ocf.berkeley.edu/qt/online/qtsdkrepository/windows_x86/desktop/qt6_6101/qt6_6101/qt.qt6.6101.win64_mingw/6.10.1-0-202511161843opengl32sw-64-mesa_11_2_2-signed_sha256.7z
2026-03-25 23:50:06,973 - aqt.installer - INFO - installer 45096 Finished installation of qtbase-Windows-Windows_11_24H2-Mingw-Windows-Windows_11_24H2-X86_64.7z in 7.84999020
2026-03-25 23:50:08,129 - aqt.installer - INFO - installer 23280 Finished installation of d3dcompiler_47-x64.7z in 2.48993870
2026-03-25 23:50:10,397 - aqt.installer - INFO - installer 31036 Finished installation of opengl32sw-64-mesa_11_2_2-signed_sha256.7z in 3.49622700
2026-03-25 23:50:17,388 - aqt.installer - INFO - installer 22716 Finished installation of qtdeclarative-Windows-Windows_11_24H2-Mingw-Windows-Windows_11_24H2-X86_64.7z in 17.84169310
2026-03-25 23:50:17,530 - aqt.updater - INFO - updater 20388 Patching C:\Qt\6.10.1\mingw_64\bin\qmake.exe
2026-03-25 23:50:17,533 - aqt.updater - INFO - updater 20388 Patching C:\Qt\6.10.1\mingw_64\lib\pkgconfig\Qt6Concurrent.pc
2026-03-25 23:50:17,534 - aqt.updater - INFO - updater 20388 Patching C:\Qt\6.10.1\mingw_64\lib\pkgconfig\Qt6Core.pc
2026-03-25 23:50:17,534 - aqt.updater - INFO - updater 20388 Patching C:\Qt\6.10.1\mingw_64\lib\pkgconfig\Qt6Core5Compat.pc
2026-03-25 23:50:17,535 - aqt.updater - INFO - updater 20388 Patching C:\Qt\6.10.1\mingw_64\lib\pkgconfig\Qt6DBus.pc
2026-03-25 23:50:17,535 - aqt.updater - INFO - updater 20388 Patching C:\Qt\6.10.1\mingw_64\lib\pkgconfig\Qt6Designer.pc
2026-03-25 23:50:17,535 - aqt.updater - INFO - updater 20388 Patching C:\Qt\6.10.1\mingw_64\lib\pkgconfig\Qt6Gui.pc
2026-03-25 23:50:17,536 - aqt.updater - INFO - updater 20388 Patching C:\Qt\6.10.1\mingw_64\lib\pkgconfig\Qt6Help.pc
2026-03-25 23:50:17,536 - aqt.updater - INFO - updater 20388 Patching C:\Qt\6.10.1\mingw_64\lib\pkgconfig\Qt6LabsAnimation.pc
2026-03-25 23:50:17,537 - aqt.updater - INFO - updater 20388 Patching C:\Qt\6.10.1\mingw_64\lib\pkgconfig\Qt6LabsFolderListModel.pc
2026-03-25 23:50:17,537 - aqt.updater - INFO - updater 20388 Patching C:\Qt\6.10.1\mingw_64\lib\pkgconfig\Qt6LabsPlatform.pc
2026-03-25 23:50:17,538 - aqt.updater - INFO - updater 20388 Patching C:\Qt\6.10.1\mingw_64\lib\pkgconfig\Qt6LabsQmlModels.pc
2026-03-25 23:50:17,538 - aqt.updater - INFO - updater 20388 Patching C:\Qt\6.10.1\mingw_64\lib\pkgconfig\Qt6LabsSettings.pc
2026-03-25 23:50:17,539 - aqt.updater - INFO - updater 20388 Patching C:\Qt\6.10.1\mingw_64\lib\pkgconfig\Qt6LabsSharedImage.pc
2026-03-25 23:50:17,539 - aqt.updater - INFO - updater 20388 Patching C:\Qt\6.10.1\mingw_64\lib\pkgconfig\Qt6LabsSynchronizer.pc
2026-03-25 23:50:17,539 - aqt.updater - INFO - updater 20388 Patching C:\Qt\6.10.1\mingw_64\lib\pkgconfig\Qt6LabsWavefrontMesh.pc
2026-03-25 23:50:17,540 - aqt.updater - INFO - updater 20388 Patching C:\Qt\6.10.1\mingw_64\lib\pkgconfig\Qt6Linguist.pc
2026-03-25 23:50:17,540 - aqt.updater - INFO - updater 20388 Patching C:\Qt\6.10.1\mingw_64\lib\pkgconfig\Qt6Network.pc
2026-03-25 23:50:17,541 - aqt.updater - INFO - updater 20388 Patching C:\Qt\6.10.1\mingw_64\lib\pkgconfig\Qt6OpenGL.pc
2026-03-25 23:50:17,541 - aqt.updater - INFO - updater 20388 Patching C:\Qt\6.10.1\mingw_64\lib\pkgconfig\Qt6OpenGLWidgets.pc
2026-03-25 23:50:17,542 - aqt.updater - INFO - updater 20388 Patching C:\Qt\6.10.1\mingw_64\lib\pkgconfig\Qt6Platform.pc
2026-03-25 23:50:17,542 - aqt.updater - INFO - updater 20388 Patching C:\Qt\6.10.1\mingw_64\lib\pkgconfig\Qt6PrintSupport.pc
2026-03-25 23:50:17,543 - aqt.updater - INFO - updater 20388 Patching C:\Qt\6.10.1\mingw_64\lib\pkgconfig\Qt6Qml.pc
2026-03-25 23:50:17,543 - aqt.updater - INFO - updater 20388 Patching C:\Qt\6.10.1\mingw_64\lib\pkgconfig\Qt6QmlAssetDownloader.pc
2026-03-25 23:50:17,543 - aqt.updater - INFO - updater 20388 Patching C:\Qt\6.10.1\mingw_64\lib\pkgconfig\Qt6QmlCompiler.pc
2026-03-25 23:50:17,544 - aqt.updater - INFO - updater 20388 Patching C:\Qt\6.10.1\mingw_64\lib\pkgconfig\Qt6QmlCore.pc
2026-03-25 23:50:17,544 - aqt.updater - INFO - updater 20388 Patching C:\Qt\6.10.1\mingw_64\lib\pkgconfig\Qt6QmlIntegration.pc
2026-03-25 23:50:17,545 - aqt.updater - INFO - updater 20388 Patching C:\Qt\6.10.1\mingw_64\lib\pkgconfig\Qt6QmlLocalStorage.pc
2026-03-25 23:50:17,545 - aqt.updater - INFO - updater 20388 Patching C:\Qt\6.10.1\mingw_64\lib\pkgconfig\Qt6QmlMeta.pc
2026-03-25 23:50:17,545 - aqt.updater - INFO - updater 20388 Patching C:\Qt\6.10.1\mingw_64\lib\pkgconfig\Qt6QmlModels.pc
2026-03-25 23:50:17,546 - aqt.updater - INFO - updater 20388 Patching C:\Qt\6.10.1\mingw_64\lib\pkgconfig\Qt6QmlNetwork.pc
2026-03-25 23:50:17,546 - aqt.updater - INFO - updater 20388 Patching C:\Qt\6.10.1\mingw_64\lib\pkgconfig\Qt6QmlWorkerScript.pc
2026-03-25 23:50:17,546 - aqt.updater - INFO - updater 20388 Patching C:\Qt\6.10.1\mingw_64\lib\pkgconfig\Qt6QmlXmlListModel.pc
2026-03-25 23:50:17,547 - aqt.updater - INFO - updater 20388 Patching C:\Qt\6.10.1\mingw_64\lib\pkgconfig\Qt6Quick.pc
2026-03-25 23:50:17,547 - aqt.updater - INFO - updater 20388 Patching C:\Qt\6.10.1\mingw_64\lib\pkgconfig\Qt6QuickControls2.pc
2026-03-25 23:50:17,548 - aqt.updater - INFO - updater 20388 Patching C:\Qt\6.10.1\mingw_64\lib\pkgconfig\Qt6QuickControls2Basic.pc
2026-03-25 23:50:17,548 - aqt.updater - INFO - updater 20388 Patching C:\Qt\6.10.1\mingw_64\lib\pkgconfig\Qt6QuickControls2BasicStyleImpl.pc
2026-03-25 23:50:17,548 - aqt.updater - INFO - updater 20388 Patching C:\Qt\6.10.1\mingw_64\lib\pkgconfig\Qt6QuickControls2FluentWinUI3StyleImpl.pc
2026-03-25 23:50:17,549 - aqt.updater - INFO - updater 20388 Patching C:\Qt\6.10.1\mingw_64\lib\pkgconfig\Qt6QuickControls2Fusion.pc
2026-03-25 23:50:17,549 - aqt.updater - INFO - updater 20388 Patching C:\Qt\6.10.1\mingw_64\lib\pkgconfig\Qt6QuickControls2FusionStyleImpl.pc
2026-03-25 23:50:17,550 - aqt.updater - INFO - updater 20388 Patching C:\Qt\6.10.1\mingw_64\lib\pkgconfig\Qt6QuickControls2Imagine.pc
2026-03-25 23:50:17,550 - aqt.updater - INFO - updater 20388 Patching C:\Qt\6.10.1\mingw_64\lib\pkgconfig\Qt6QuickControls2ImagineStyleImpl.pc
2026-03-25 23:50:17,551 - aqt.updater - INFO - updater 20388 Patching C:\Qt\6.10.1\mingw_64\lib\pkgconfig\Qt6QuickControls2Impl.pc
2026-03-25 23:50:17,551 - aqt.updater - INFO - updater 20388 Patching C:\Qt\6.10.1\mingw_64\lib\pkgconfig\Qt6QuickControls2Material.pc
2026-03-25 23:50:17,551 - aqt.updater - INFO - updater 20388 Patching C:\Qt\6.10.1\mingw_64\lib\pkgconfig\Qt6QuickControls2MaterialStyleImpl.pc
2026-03-25 23:50:17,552 - aqt.updater - INFO - updater 20388 Patching C:\Qt\6.10.1\mingw_64\lib\pkgconfig\Qt6QuickControls2Universal.pc
2026-03-25 23:50:17,552 - aqt.updater - INFO - updater 20388 Patching C:\Qt\6.10.1\mingw_64\lib\pkgconfig\Qt6QuickControls2UniversalStyleImpl.pc
2026-03-25 23:50:17,553 - aqt.updater - INFO - updater 20388 Patching C:\Qt\6.10.1\mingw_64\lib\pkgconfig\Qt6QuickControls2WindowsStyleImpl.pc
2026-03-25 23:50:17,553 - aqt.updater - INFO - updater 20388 Patching C:\Qt\6.10.1\mingw_64\lib\pkgconfig\Qt6QuickDialogs2.pc
2026-03-25 23:50:17,554 - aqt.updater - INFO - updater 20388 Patching C:\Qt\6.10.1\mingw_64\lib\pkgconfig\Qt6QuickDialogs2QuickImpl.pc
2026-03-25 23:50:17,554 - aqt.updater - INFO - updater 20388 Patching C:\Qt\6.10.1\mingw_64\lib\pkgconfig\Qt6QuickDialogs2Utils.pc
2026-03-25 23:50:17,554 - aqt.updater - INFO - updater 20388 Patching C:\Qt\6.10.1\mingw_64\lib\pkgconfig\Qt6QuickEffects.pc
2026-03-25 23:50:17,555 - aqt.updater - INFO - updater 20388 Patching C:\Qt\6.10.1\mingw_64\lib\pkgconfig\Qt6QuickLayouts.pc
2026-03-25 23:50:17,555 - aqt.updater - INFO - updater 20388 Patching C:\Qt\6.10.1\mingw_64\lib\pkgconfig\Qt6QuickTemplates2.pc
2026-03-25 23:50:17,556 - aqt.updater - INFO - updater 20388 Patching C:\Qt\6.10.1\mingw_64\lib\pkgconfig\Qt6QuickTest.pc
2026-03-25 23:50:17,556 - aqt.updater - INFO - updater 20388 Patching C:\Qt\6.10.1\mingw_64\lib\pkgconfig\Qt6QuickVectorImage.pc
2026-03-25 23:50:17,557 - aqt.updater - INFO - updater 20388 Patching C:\Qt\6.10.1\mingw_64\lib\pkgconfig\Qt6QuickVectorImageHelpers.pc
2026-03-25 23:50:17,557 - aqt.updater - INFO - updater 20388 Patching C:\Qt\6.10.1\mingw_64\lib\pkgconfig\Qt6QuickWidgets.pc
2026-03-25 23:50:17,558 - aqt.updater - INFO - updater 20388 Patching C:\Qt\6.10.1\mingw_64\lib\pkgconfig\Qt6RemoteObjects.pc
2026-03-25 23:50:17,558 - aqt.updater - INFO - updater 20388 Patching C:\Qt\6.10.1\mingw_64\lib\pkgconfig\Qt6RemoteObjectsQml.pc
2026-03-25 23:50:17,558 - aqt.updater - INFO - updater 20388 Patching C:\Qt\6.10.1\mingw_64\lib\pkgconfig\Qt6RepParser.pc
2026-03-25 23:50:17,559 - aqt.updater - INFO - updater 20388 Patching C:\Qt\6.10.1\mingw_64\lib\pkgconfig\Qt6ShaderTools.pc
2026-03-25 23:50:17,559 - aqt.updater - INFO - updater 20388 Patching C:\Qt\6.10.1\mingw_64\lib\pkgconfig\Qt6Sql.pc
2026-03-25 23:50:17,560 - aqt.updater - INFO - updater 20388 Patching C:\Qt\6.10.1\mingw_64\lib\pkgconfig\Qt6Svg.pc
2026-03-25 23:50:17,560 - aqt.updater - INFO - updater 20388 Patching C:\Qt\6.10.1\mingw_64\lib\pkgconfig\Qt6SvgWidgets.pc
2026-03-25 23:50:17,561 - aqt.updater - INFO - updater 20388 Patching C:\Qt\6.10.1\mingw_64\lib\pkgconfig\Qt6Test.pc
2026-03-25 23:50:17,561 - aqt.updater - INFO - updater 20388 Patching C:\Qt\6.10.1\mingw_64\lib\pkgconfig\Qt6UiPlugin.pc
2026-03-25 23:50:17,561 - aqt.updater - INFO - updater 20388 Patching C:\Qt\6.10.1\mingw_64\lib\pkgconfig\Qt6UiTools.pc
2026-03-25 23:50:17,562 - aqt.updater - INFO - updater 20388 Patching C:\Qt\6.10.1\mingw_64\lib\pkgconfig\Qt6Widgets.pc
2026-03-25 23:50:17,562 - aqt.updater - INFO - updater 20388 Patching C:\Qt\6.10.1\mingw_64\lib\pkgconfig\Qt6Xml.pc
2026-03-25 23:50:17,563 - aqt.updater - INFO - updater 20388 Patching C:\Qt\6.10.1\mingw_64\lib\Qt6Concurrent.prl
2026-03-25 23:50:17,563 - aqt.updater - INFO - updater 20388 Patching C:\Qt\6.10.1\mingw_64\lib\Qt6Core.prl
2026-03-25 23:50:17,564 - aqt.updater - INFO - updater 20388 Patching C:\Qt\6.10.1\mingw_64\lib\Qt6Core5Compat.prl
2026-03-25 23:50:17,564 - aqt.updater - INFO - updater 20388 Patching C:\Qt\6.10.1\mingw_64\lib\Qt6DBus.prl
2026-03-25 23:50:17,565 - aqt.updater - INFO - updater 20388 Patching C:\Qt\6.10.1\mingw_64\lib\Qt6Designer.prl
2026-03-25 23:50:17,565 - aqt.updater - INFO - updater 20388 Patching C:\Qt\6.10.1\mingw_64\lib\Qt6DesignerComponents.prl
2026-03-25 23:50:17,565 - aqt.updater - INFO - updater 20388 Patching C:\Qt\6.10.1\mingw_64\lib\Qt6DeviceDiscoverySupport.prl
2026-03-25 23:50:17,566 - aqt.updater - INFO - updater 20388 Patching C:\Qt\6.10.1\mingw_64\lib\Qt6EntryPoint.prl
2026-03-25 23:50:17,566 - aqt.updater - INFO - updater 20388 Patching C:\Qt\6.10.1\mingw_64\lib\Qt6ExampleIcons.prl
2026-03-25 23:50:17,567 - aqt.updater - INFO - updater 20388 Patching C:\Qt\6.10.1\mingw_64\lib\Qt6ExamplesAssetDownloader.prl
2026-03-25 23:50:17,567 - aqt.updater - INFO - updater 20388 Patching C:\Qt\6.10.1\mingw_64\lib\Qt6FbSupport.prl
2026-03-25 23:50:17,568 - aqt.updater - INFO - updater 20388 Patching C:\Qt\6.10.1\mingw_64\lib\Qt6Gui.prl
2026-03-25 23:50:17,568 - aqt.updater - INFO - updater 20388 Patching C:\Qt\6.10.1\mingw_64\lib\Qt6Help.prl
2026-03-25 23:50:17,569 - aqt.updater - INFO - updater 20388 Patching C:\Qt\6.10.1\mingw_64\lib\Qt6LabsAnimation.prl
2026-03-25 23:50:17,569 - aqt.updater - INFO - updater 20388 Patching C:\Qt\6.10.1\mingw_64\lib\Qt6LabsFolderListModel.prl
2026-03-25 23:50:17,569 - aqt.updater - INFO - updater 20388 Patching C:\Qt\6.10.1\mingw_64\lib\Qt6LabsPlatform.prl
2026-03-25 23:50:17,570 - aqt.updater - INFO - updater 20388 Patching C:\Qt\6.10.1\mingw_64\lib\Qt6LabsQmlModels.prl
2026-03-25 23:50:17,570 - aqt.updater - INFO - updater 20388 Patching C:\Qt\6.10.1\mingw_64\lib\Qt6LabsSettings.prl
2026-03-25 23:50:17,571 - aqt.updater - INFO - updater 20388 Patching C:\Qt\6.10.1\mingw_64\lib\Qt6LabsSharedImage.prl
2026-03-25 23:50:17,571 - aqt.updater - INFO - updater 20388 Patching C:\Qt\6.10.1\mingw_64\lib\Qt6LabsSynchronizer.prl
2026-03-25 23:50:17,571 - aqt.updater - INFO - updater 20388 Patching C:\Qt\6.10.1\mingw_64\lib\Qt6LabsWavefrontMesh.prl
2026-03-25 23:50:17,572 - aqt.updater - INFO - updater 20388 Patching C:\Qt\6.10.1\mingw_64\lib\Qt6Network.prl
2026-03-25 23:50:17,572 - aqt.updater - INFO - updater 20388 Patching C:\Qt\6.10.1\mingw_64\lib\Qt6OpenGL.prl
2026-03-25 23:50:17,573 - aqt.updater - INFO - updater 20388 Patching C:\Qt\6.10.1\mingw_64\lib\Qt6OpenGLWidgets.prl
2026-03-25 23:50:17,573 - aqt.updater - INFO - updater 20388 Patching C:\Qt\6.10.1\mingw_64\lib\Qt6PacketProtocol.prl
2026-03-25 23:50:17,573 - aqt.updater - INFO - updater 20388 Patching C:\Qt\6.10.1\mingw_64\lib\Qt6PrintSupport.prl
2026-03-25 23:50:17,574 - aqt.updater - INFO - updater 20388 Patching C:\Qt\6.10.1\mingw_64\lib\Qt6Qml.prl
2026-03-25 23:50:17,574 - aqt.updater - INFO - updater 20388 Patching C:\Qt\6.10.1\mingw_64\lib\Qt6QmlAssetDownloader.prl
2026-03-25 23:50:17,575 - aqt.updater - INFO - updater 20388 Patching C:\Qt\6.10.1\mingw_64\lib\Qt6QmlCompiler.prl
2026-03-25 23:50:17,575 - aqt.updater - INFO - updater 20388 Patching C:\Qt\6.10.1\mingw_64\lib\Qt6QmlCore.prl
2026-03-25 23:50:17,575 - aqt.updater - INFO - updater 20388 Patching C:\Qt\6.10.1\mingw_64\lib\Qt6QmlDebug.prl
2026-03-25 23:50:17,576 - aqt.updater - INFO - updater 20388 Patching C:\Qt\6.10.1\mingw_64\lib\Qt6QmlDom.prl
2026-03-25 23:50:17,576 - aqt.updater - INFO - updater 20388 Patching C:\Qt\6.10.1\mingw_64\lib\Qt6QmlFormat.prl
2026-03-25 23:50:17,577 - aqt.updater - INFO - updater 20388 Patching C:\Qt\6.10.1\mingw_64\lib\Qt6QmlLocalStorage.prl
2026-03-25 23:50:17,577 - aqt.updater - INFO - updater 20388 Patching C:\Qt\6.10.1\mingw_64\lib\Qt6QmlLS.prl
2026-03-25 23:50:17,577 - aqt.updater - INFO - updater 20388 Patching C:\Qt\6.10.1\mingw_64\lib\Qt6QmlMeta.prl
2026-03-25 23:50:17,578 - aqt.updater - INFO - updater 20388 Patching C:\Qt\6.10.1\mingw_64\lib\Qt6QmlModels.prl
2026-03-25 23:50:17,578 - aqt.updater - INFO - updater 20388 Patching C:\Qt\6.10.1\mingw_64\lib\Qt6QmlNetwork.prl
2026-03-25 23:50:17,579 - aqt.updater - INFO - updater 20388 Patching C:\Qt\6.10.1\mingw_64\lib\Qt6QmlToolingSettings.prl
2026-03-25 23:50:17,579 - aqt.updater - INFO - updater 20388 Patching C:\Qt\6.10.1\mingw_64\lib\Qt6QmlTypeRegistrar.prl
2026-03-25 23:50:17,579 - aqt.updater - INFO - updater 20388 Patching C:\Qt\6.10.1\mingw_64\lib\Qt6QmlWorkerScript.prl
2026-03-25 23:50:17,580 - aqt.updater - INFO - updater 20388 Patching C:\Qt\6.10.1\mingw_64\lib\Qt6QmlXmlListModel.prl
2026-03-25 23:50:17,580 - aqt.updater - INFO - updater 20388 Patching C:\Qt\6.10.1\mingw_64\lib\Qt6Quick.prl
2026-03-25 23:50:17,581 - aqt.updater - INFO - updater 20388 Patching C:\Qt\6.10.1\mingw_64\lib\Qt6QuickControls2.prl
2026-03-25 23:50:17,581 - aqt.updater - INFO - updater 20388 Patching C:\Qt\6.10.1\mingw_64\lib\Qt6QuickControls2Basic.prl
2026-03-25 23:50:17,581 - aqt.updater - INFO - updater 20388 Patching C:\Qt\6.10.1\mingw_64\lib\Qt6QuickControls2BasicStyleImpl.prl
2026-03-25 23:50:17,582 - aqt.updater - INFO - updater 20388 Patching C:\Qt\6.10.1\mingw_64\lib\Qt6QuickControls2FluentWinUI3StyleImpl.prl
2026-03-25 23:50:17,582 - aqt.updater - INFO - updater 20388 Patching C:\Qt\6.10.1\mingw_64\lib\Qt6QuickControls2Fusion.prl
2026-03-25 23:50:17,583 - aqt.updater - INFO - updater 20388 Patching C:\Qt\6.10.1\mingw_64\lib\Qt6QuickControls2FusionStyleImpl.prl
2026-03-25 23:50:17,583 - aqt.updater - INFO - updater 20388 Patching C:\Qt\6.10.1\mingw_64\lib\Qt6QuickControls2Imagine.prl
2026-03-25 23:50:17,583 - aqt.updater - INFO - updater 20388 Patching C:\Qt\6.10.1\mingw_64\lib\Qt6QuickControls2ImagineStyleImpl.prl
2026-03-25 23:50:17,584 - aqt.updater - INFO - updater 20388 Patching C:\Qt\6.10.1\mingw_64\lib\Qt6QuickControls2Impl.prl
2026-03-25 23:50:17,584 - aqt.updater - INFO - updater 20388 Patching C:\Qt\6.10.1\mingw_64\lib\Qt6QuickControls2Material.prl
2026-03-25 23:50:17,585 - aqt.updater - INFO - updater 20388 Patching C:\Qt\6.10.1\mingw_64\lib\Qt6QuickControls2MaterialStyleImpl.prl
2026-03-25 23:50:17,585 - aqt.updater - INFO - updater 20388 Patching C:\Qt\6.10.1\mingw_64\lib\Qt6QuickControls2Universal.prl
2026-03-25 23:50:17,585 - aqt.updater - INFO - updater 20388 Patching C:\Qt\6.10.1\mingw_64\lib\Qt6QuickControls2UniversalStyleImpl.prl
2026-03-25 23:50:17,586 - aqt.updater - INFO - updater 20388 Patching C:\Qt\6.10.1\mingw_64\lib\Qt6QuickControls2WindowsStyleImpl.prl
2026-03-25 23:50:17,586 - aqt.updater - INFO - updater 20388 Patching C:\Qt\6.10.1\mingw_64\lib\Qt6QuickControlsTestUtils.prl
2026-03-25 23:50:17,587 - aqt.updater - INFO - updater 20388 Patching C:\Qt\6.10.1\mingw_64\lib\Qt6QuickDialogs2.prl
2026-03-25 23:50:17,587 - aqt.updater - INFO - updater 20388 Patching C:\Qt\6.10.1\mingw_64\lib\Qt6QuickDialogs2QuickImpl.prl
2026-03-25 23:50:17,588 - aqt.updater - INFO - updater 20388 Patching C:\Qt\6.10.1\mingw_64\lib\Qt6QuickDialogs2Utils.prl
2026-03-25 23:50:17,588 - aqt.updater - INFO - updater 20388 Patching C:\Qt\6.10.1\mingw_64\lib\Qt6QuickEffects.prl
2026-03-25 23:50:17,588 - aqt.updater - INFO - updater 20388 Patching C:\Qt\6.10.1\mingw_64\lib\Qt6QuickLayouts.prl
2026-03-25 23:50:17,589 - aqt.updater - INFO - updater 20388 Patching C:\Qt\6.10.1\mingw_64\lib\Qt6QuickParticles.prl
2026-03-25 23:50:17,589 - aqt.updater - INFO - updater 20388 Patching C:\Qt\6.10.1\mingw_64\lib\Qt6QuickShapes.prl
2026-03-25 23:50:17,590 - aqt.updater - INFO - updater 20388 Patching C:\Qt\6.10.1\mingw_64\lib\Qt6QuickShapesDesignHelpers.prl
2026-03-25 23:50:17,590 - aqt.updater - INFO - updater 20388 Patching C:\Qt\6.10.1\mingw_64\lib\Qt6QuickTemplates2.prl
2026-03-25 23:50:17,590 - aqt.updater - INFO - updater 20388 Patching C:\Qt\6.10.1\mingw_64\lib\Qt6QuickTest.prl
2026-03-25 23:50:17,591 - aqt.updater - INFO - updater 20388 Patching C:\Qt\6.10.1\mingw_64\lib\Qt6QuickTestUtils.prl
2026-03-25 23:50:17,591 - aqt.updater - INFO - updater 20388 Patching C:\Qt\6.10.1\mingw_64\lib\Qt6QuickVectorImage.prl
2026-03-25 23:50:17,592 - aqt.updater - INFO - updater 20388 Patching C:\Qt\6.10.1\mingw_64\lib\Qt6QuickVectorImageGenerator.prl
2026-03-25 23:50:17,592 - aqt.updater - INFO - updater 20388 Patching C:\Qt\6.10.1\mingw_64\lib\Qt6QuickVectorImageHelpers.prl
2026-03-25 23:50:17,592 - aqt.updater - INFO - updater 20388 Patching C:\Qt\6.10.1\mingw_64\lib\Qt6QuickWidgets.prl
2026-03-25 23:50:17,593 - aqt.updater - INFO - updater 20388 Patching C:\Qt\6.10.1\mingw_64\lib\Qt6RemoteObjects.prl
2026-03-25 23:50:17,593 - aqt.updater - INFO - updater 20388 Patching C:\Qt\6.10.1\mingw_64\lib\Qt6RemoteObjectsQml.prl
2026-03-25 23:50:17,594 - aqt.updater - INFO - updater 20388 Patching C:\Qt\6.10.1\mingw_64\lib\Qt6ShaderTools.prl
2026-03-25 23:50:17,594 - aqt.updater - INFO - updater 20388 Patching C:\Qt\6.10.1\mingw_64\lib\Qt6Sql.prl
2026-03-25 23:50:17,594 - aqt.updater - INFO - updater 20388 Patching C:\Qt\6.10.1\mingw_64\lib\Qt6Svg.prl
2026-03-25 23:50:17,595 - aqt.updater - INFO - updater 20388 Patching C:\Qt\6.10.1\mingw_64\lib\Qt6SvgWidgets.prl
2026-03-25 23:50:17,595 - aqt.updater - INFO - updater 20388 Patching C:\Qt\6.10.1\mingw_64\lib\Qt6Test.prl
2026-03-25 23:50:17,596 - aqt.updater - INFO - updater 20388 Patching C:\Qt\6.10.1\mingw_64\lib\Qt6UiTools.prl
2026-03-25 23:50:17,596 - aqt.updater - INFO - updater 20388 Patching C:\Qt\6.10.1\mingw_64\lib\Qt6Widgets.prl
2026-03-25 23:50:17,596 - aqt.updater - INFO - updater 20388 Patching C:\Qt\6.10.1\mingw_64\lib\Qt6Xml.prl
2026-03-25 23:50:17,597 - aqt.main - INFO - installer 20388 Finished installation
2026-03-25 23:50:17,597 - aqt.main - INFO - installer 20388 Time elapsed: 25.83024470 second
2026-03-26 00:08:22,876 - aqt.main - INFO - installer 41988 aqtinstall(aqt) v3.3.0 on Python 3.13.12 [CPython MSC v.1944 64 bit (AMD64)]
2026-03-26 00:08:22,876 - aqt.main - INFO - installer 41988 Found installed windows-desktop Qt at C:\Qt\6.10.1\mingw_64
2026-03-26 00:08:28,412 - aqt.helper - INFO - helper 6360 Downloading qt5compat...
2026-03-26 00:08:28,412 - aqt.helper - INFO - helper 45864 Downloading qtimageformats...
2026-03-26 00:08:28,413 - aqt.helper - INFO - helper 37536 Downloading qtremoteobjects...
2026-03-26 00:08:28,412 - aqt.installer - DEBUG - installer 6360 Download URL: https://mirrors.ocf.berkeley.edu/qt/online/qtsdkrepository/all_os/android/qt6_6101/qt6_6101_x86_64/qt.qt6.6101.addons.qt5compat.android_x86_64/6.10.1-0-202511161843qt5compat-Linux-RHEL_8_10-Clang-Android-Android_ANY-X86_64.7z
2026-03-26 00:08:28,412 - aqt.installer - DEBUG - installer 45864 Download URL: https://mirrors.ocf.berkeley.edu/qt/online/qtsdkrepository/all_os/android/qt6_6101/qt6_6101_x86_64/qt.qt6.6101.addons.qtimageformats.android_x86_64/6.10.1-0-202511161843qtimageformats-Linux-RHEL_8_10-Clang-Android-Android_ANY-X86_64.7z
2026-03-26 00:08:28,413 - aqt.installer - DEBUG - installer 37536 Download URL: https://mirrors.ocf.berkeley.edu/qt/online/qtsdkrepository/all_os/android/qt6_6101/qt6_6101_x86_64/qt.qt6.6101.addons.qtremoteobjects.android_x86_64/6.10.1-0-202511161843qtremoteobjects-Linux-RHEL_8_10-Clang-Android-Android_ANY-X86_64.7z
2026-03-26 00:08:28,418 - aqt.helper - INFO - helper 41952 Downloading qtshadertools...
2026-03-26 00:08:28,419 - aqt.installer - DEBUG - installer 41952 Download URL: https://mirrors.ocf.berkeley.edu/qt/online/qtsdkrepository/all_os/android/qt6_6101/qt6_6101_x86_64/qt.qt6.6101.addons.qtshadertools.android_x86_64/6.10.1-0-202511161843qtshadertools-Linux-RHEL_8_10-Clang-Android-Android_ANY-X86_64.7z
2026-03-26 00:08:30,530 - aqt.installer - INFO - installer 37536 Finished installation of qtremoteobjects-Linux-RHEL_8_10-Clang-Android-Android_ANY-X86_64.7z in 2.11870390
2026-03-26 00:08:30,541 - aqt.helper - INFO - helper 37536 Downloading qtbase...
2026-03-26 00:08:30,541 - aqt.installer - DEBUG - installer 37536 Download URL: https://mirrors.ocf.berkeley.edu/qt/online/qtsdkrepository/all_os/android/qt6_6101/qt6_6101_x86_64/qt.qt6.6101.android_x86_64/6.10.1-0-202511161843qtbase-Linux-RHEL_8_10-Clang-Android-Android_ANY-X86_64.7z
2026-03-26 00:08:30,653 - aqt.installer - INFO - installer 45864 Finished installation of qtimageformats-Linux-RHEL_8_10-Clang-Android-Android_ANY-X86_64.7z in 2.24208020
2026-03-26 00:08:30,662 - aqt.helper - INFO - helper 45864 Downloading qtsvg...
2026-03-26 00:08:30,662 - aqt.installer - DEBUG - installer 45864 Download URL: https://mirrors.ocf.berkeley.edu/qt/online/qtsdkrepository/all_os/android/qt6_6101/qt6_6101_x86_64/qt.qt6.6101.android_x86_64/6.10.1-0-202511161843qtsvg-Linux-RHEL_8_10-Clang-Android-Android_ANY-X86_64.7z
2026-03-26 00:08:30,937 - aqt.installer - INFO - installer 6360 Finished installation of qt5compat-Linux-RHEL_8_10-Clang-Android-Android_ANY-X86_64.7z in 2.52634950
2026-03-26 00:08:30,950 - aqt.helper - INFO - helper 6360 Downloading qtdeclarative...
2026-03-26 00:08:30,950 - aqt.installer - DEBUG - installer 6360 Download URL: https://mirrors.ocf.berkeley.edu/qt/online/qtsdkrepository/all_os/android/qt6_6101/qt6_6101_x86_64/qt.qt6.6101.android_x86_64/6.10.1-0-202511161843qtdeclarative-Linux-RHEL_8_10-Clang-Android-Android_ANY-X86_64.7z
2026-03-26 00:08:31,006 - aqt.installer - INFO - installer 41952 Finished installation of qtshadertools-Linux-RHEL_8_10-Clang-Android-Android_ANY-X86_64.7z in 2.58879920
2026-03-26 00:08:31,014 - aqt.helper - INFO - helper 41952 Downloading qttools...
2026-03-26 00:08:31,014 - aqt.installer - DEBUG - installer 41952 Download URL: https://mirrors.ocf.berkeley.edu/qt/online/qtsdkrepository/all_os/android/qt6_6101/qt6_6101_x86_64/qt.qt6.6101.android_x86_64/6.10.1-0-202511161843qttools-Linux-RHEL_8_10-Clang-Android-Android_ANY-X86_64.7z
2026-03-26 00:08:32,496 - aqt.installer - INFO - installer 45864 Finished installation of qtsvg-Linux-RHEL_8_10-Clang-Android-Android_ANY-X86_64.7z in 1.83518470
2026-03-26 00:08:32,504 - aqt.helper - INFO - helper 45864 Downloading qttranslations...
2026-03-26 00:08:32,504 - aqt.installer - DEBUG - installer 45864 Download URL: https://mirrors.ocf.berkeley.edu/qt/online/qtsdkrepository/all_os/android/qt6_6101/qt6_6101_x86_64/qt.qt6.6101.android_x86_64/6.10.1-0-202511161843qttranslations-Linux-RHEL_8_10-Clang-Android-Android_ANY-X86_64.7z
2026-03-26 00:08:34,175 - aqt.installer - INFO - installer 41952 Finished installation of qttools-Linux-RHEL_8_10-Clang-Android-Android_ANY-X86_64.7z in 3.16290010
2026-03-26 00:08:35,162 - aqt.installer - INFO - installer 45864 Finished installation of qttranslations-Linux-RHEL_8_10-Clang-Android-Android_ANY-X86_64.7z in 2.65878840
2026-03-26 00:08:37,172 - aqt.installer - INFO - installer 37536 Finished installation of qtbase-Linux-RHEL_8_10-Clang-Android-Android_ANY-X86_64.7z in 6.63267650
2026-03-26 00:08:38,797 - aqt.installer - INFO - installer 6360 Finished installation of qtdeclarative-Linux-RHEL_8_10-Clang-Android-Android_ANY-X86_64.7z in 7.84797860
2026-03-26 00:08:38,848 - aqt.updater - INFO - updater 41988 Patching C:\Qt\6.10.1\android_x86_64\bin\qmake.bat
2026-03-26 00:08:38,850 - aqt.updater - INFO - updater 41988 Patching C:\Qt\6.10.1\android_x86_64\bin\qtpaths.bat
2026-03-26 00:08:38,851 - aqt.updater - INFO - updater 41988 Patching C:\Qt\6.10.1\android_x86_64\bin\qmake6.bat
2026-03-26 00:08:38,852 - aqt.updater - INFO - updater 41988 Patching C:\Qt\6.10.1\android_x86_64\bin\qtpaths6.bat
2026-03-26 00:08:38,853 - aqt.updater - INFO - updater 41988 Patching C:\Qt\6.10.1\android_x86_64\bin\target_qt.conf
2026-03-26 00:08:38,856 - aqt.main - INFO - installer 41988 Finished installation
2026-03-26 00:08:38,856 - aqt.main - INFO - installer 41988 Time elapsed: 15.98022750 second
